transaction_id,product_name,product_price,transaction_date,customer_id,customer_name,customer_email,customer_country,customer_postal_code,customer_age
521,Classic Cheeseburger Mix,530.0,12/25/2020,1,Bobbie Burfitt,bburfitt0@nature.com,Peru,,30
388,Fitness Balance Ball,545.68,11/22/2020,2,Paddie Gainforth,pgainforth1@mlb.com,Philippines,3905,30
994,Vegetable Stir-Fry Sauce,965.32,9/8/2020,3,Ailsun Fort,afort2@icio.us,Sweden,124 54,61
865,Silicone Baking Molds,441.09,6/21/2020,4,Raynor Durdy,rdurdy3@biglobe.ne.jp,Sweden,512 93,27
355,Ski Goggles,618.83,11/23/2020,5,Hetty Philipot,hphilipot4@mit.edu,Peru,,46
555,Coconut Curry Chicken,168.06,7/12/2020,6,Sawyer Smees,ssmees5@earthlink.net,China,,49
682,Lemon Dill Salmon,213.36,3/13/2020,7,Vergil Polet,vpolet6@china.com.cn,China,,81
227,Electric Screwdriver,901.72,10/12/2020,8,Sheffy Briscoe,sbriscoe7@tamu.edu,Philippines,2306,78
600,Marinara Parmesan Baked Ziti,492.24,5/6/2020,9,Sonnie Willgress,swillgress8@sina.com.cn,Russia,184606,37
609,Low-Fat Yogurt,241.75,9/24/2020,10,Violante Malimoe,vmalimoe9@japanpost.jp,China,,81
734,Silicone Baking Mat Set,70.93,6/19/2020,11,Xena Woloschin,xwoloschina@omniture.com,Indonesia,,38
445,Turkey Bacon,22.32,7/28/2020,12,Archer Hundell,ahundellb@hugedomains.com,Indonesia,,49
963,Garden Hose Reel,884.94,6/28/2020,13,Joelly Yegorkin,jyegorkinc@zdnet.com,China,,65
967,Spiralizer,564.78,3/29/2020,14,Nita Pearle,npearled@dion.ne.jp,China,,84
933,Gardening Tools Set,499.52,5/15/2020,15,Erie Doyland,edoylande@dedecms.com,Hungary,9404,46
286,Spicy Snack Mix,77.16,6/20/2020,16,Jannel Dwine,jdwinef@t.co,France,69245 CEDEX 05,77
728,Instant Mashed Potatoes,66.22,9/10/2020,17,Kenon McShee,kmcsheeg@deviantart.com,Philippines,5503,84
400,Pet Carrier,168.57,3/11/2020,18,Tomasine Ruddick,truddickh@abc.net.au,Czech Republic,330 12,67
551,Caramel Sauce,385.33,8/30/2020,19,Esteban Giddins,egiddinsi@slashdot.org,China,,53
583,Foot Massager Machine,149.78,8/11/2020,20,Olenka Blakesley,oblakesleyj@bbc.co.uk,France,76804 CEDEX,44
706,Self-Stirring Mug,705.08,1/12/2020,21,Hewie Marguerite,hmargueritek@geocities.com,China,,71
456,Vegetable Spring Rolls,241.54,4/18/2020,22,Fay Lound,floundl@arizona.edu,Philippines,4508,72
645,Vegetable Broth,53.61,11/5/2020,23,Georas Ream,greamm@noaa.gov,Indonesia,,80
820,Chocolate Mint Protein Shake,619.49,5/21/2020,24,Linn McGerr,lmcgerrn@examiner.com,Guatemala,03012,72
520,Adjustable Resistance Bands,711.05,8/27/2020,25,Abbe Dineen,adineeno@newsvine.com,Colombia,250047,79
450,LED Under Cabinet Lighting,147.32,10/10/2020,26,Pat Slafford,pslaffordp@360.cn,Mongolia,,58
923,Feta Cheese,201.96,10/10/2020,27,Merwyn Jerrom,mjerromq@networkadvertising.org,Poland,48-100,63
531,Rechargeable Battery Organizer,52.75,2/21/2020,28,Marlo Swafford,mswaffordr@yale.edu,China,,77
994,Ground Turkey,133.87,6/14/2020,29,Camey Mattacks,cmattackss@senate.gov,China,,67
520,Garlic Herb Marinade,136.33,8/29/2020,30,Marianne Faloon,mfaloont@imageshack.us,Libya,,55
791,Classic Beef Chili,621.58,11/6/2020,31,Johanna Tuffield,jtuffieldu@patch.com,Portugal,2760-012,25
115,Lemon Garlic Marinade,916.82,10/27/2020,32,Dorelle Lukock,dlukockv@sciencedaily.com,Pakistan,36121,57
793,Jennifer's Amazing Lip Balm Kit,428.24,10/7/2020,33,Kaye Firidolfi,kfiridolfiw@google.ca,Finland,39501,26
182,Quinoa and Kale Salad Kit,460.91,11/19/2020,34,Melvin Beckey,mbeckeyx@narod.ru,Philippines,5505,45
430,Organic Baby Spinach,854.73,6/4/2020,35,Inness Tewes,itewesy@slate.com,Egypt,,42
858,Smart Air Purifier,933.98,9/18/2020,36,Fae Quested,fquestedz@slashdot.org,Brazil,12280-000,39
531,Organic Cereal Bars,596.67,7/27/2020,37,Lidia Ruthven,lruthven10@adobe.com,Tanzania,,28
243,Lemon Herb Chicken,541.83,3/19/2020,38,Bryn Furmston,bfurmston11@usda.gov,China,,55
273,Lightweight Backpacking Tent,757.45,4/27/2020,39,Lois Pickaver,lpickaver12@kickstarter.com,Thailand,40130,57
343,Electrolyte Water Bottle,322.53,12/29/2020,40,Kacey Serchwell,kserchwell13@gravatar.com,Netherlands,5019,41
220,Multi-Function Smartphone Holder,409.87,2/25/2020,41,Miguela Kingscote,mkingscote14@tripod.com,Mexico,27443,49
205,Pumpkin Seeds,845.89,3/15/2020,42,Frazier Pitchers,fpitchers15@cbc.ca,Indonesia,,75
492,Cauliflower Pizza Crust,285.55,3/4/2020,43,Rona Aspital,raspital16@sitemeter.com,China,,85
194,Savory Oatmeal,327.39,7/30/2020,44,Alica Capener,acapener17@ebay.com,China,,31
625,Microwave Popcorn Maker,50.61,2/11/2020,45,Clywd Smurfit,csmurfit18@youku.com,Russia,353159,62
423,Children's Musical Instrument Set,926.62,10/2/2020,46,Vite Pallister,vpallister19@dion.ne.jp,Brazil,13990-000,19
866,Wall-Mounted Spice Rack,128.21,2/25/2020,47,Jaye Staynes,jstaynes1a@symantec.com,China,,18
828,Air Purifier,569.96,3/6/2020,48,Miguelita Doswell,mdoswell1b@wp.com,China,,20
197,Luxury Bath Salts,210.1,9/13/2020,49,Carleen Berk,cberk1c@cdc.gov,Iran,,50
640,Memory Card,144.65,2/8/2020,50,Orren Belhome,obelhome1d@spotify.com,China,,76
402,Stainless Steel Travel Mug,481.18,1/6/2020,51,Andonis Cripps,acripps1e@earthlink.net,China,,68
335,Cheddar & Bacon Potato Skins,481.09,9/11/2020,52,Nickola Laurie,nlaurie1f@360.cn,Brazil,76360-000,52
616,Vegetable Sushi Rolls,162.82,8/26/2020,53,Tildi Mapstone,tmapstone1g@samsung.com,Philippines,2709,51
396,Lemon Pepper Seasoning,680.54,7/11/2020,54,Sacha Hiscoke,shiscoke1h@google.ru,China,,62
527,Faux Fur Coat,280.59,4/9/2020,55,Perle Labdon,plabdon1i@adobe.com,Indonesia,,51
843,Mini Food Processor,342.02,5/17/2020,56,Morgan Bradley,mbradley1j@mayoclinic.com,Philippines,2712,83
900,Fitness Jump Rope with LCD Counter,307.09,6/26/2020,57,Xena Baptista,xbaptista1k@rakuten.co.jp,South Africa,9505,25
334,Teriyaki Chicken Wings,453.25,3/31/2020,58,Nev Poinsett,npoinsett1l@cnn.com,Portugal,3400-696,52
216,Gardening Fairy Figurines,913.73,10/29/2020,59,Dacie Kensington,dkensington1m@mit.edu,Japan,373-0862,79
325,Flavored Instant Oatmeal,452.83,5/5/2020,60,Peterus Mawtus,pmawtus1n@msu.edu,Vietnam,,33
500,Salsa,53.79,8/16/2020,61,Meade Key,mkey1o@oaic.gov.au,Slovenia,9227,45
220,Pet Safety Belt for Car,375.82,5/6/2020,62,Alon Manwaring,amanwaring1p@ifeng.com,Indonesia,,39
115,Mini Meatballs,242.36,8/6/2020,63,Hank Hannen,hhannen1q@miitbeian.gov.cn,China,,75
497,Elderberry Syrup,918.31,12/8/2020,64,Nannie Vain,nvain1r@google.com,Ukraine,,57
356,Creamy Garlic Mashed Potatoes,71.16,3/17/2020,65,Berri Pickervance,bpickervance1s@examiner.com,Mexico,95603,76
239,Veggie Lovers Pizza,703.84,3/24/2020,66,Guthrey Wenzel,gwenzel1t@sciencedaily.com,China,,43
835,Herbed Couscous,957.3,11/22/2020,67,Trudie Yter,tyter1u@tripod.com,Philippines,7120,29
716,Lentil Pasta,193.92,12/15/2020,68,Lissy Thurbon,lthurbon1v@newsvine.com,Poland,05-509,26
112,Balsamic Vinaigrette,719.91,12/12/2020,69,Benedicta Clever,bclever1w@google.ca,China,,60
296,Homestyle Chicken Noodle Soup,832.78,12/26/2020,70,Marylee Rampton,mrampton1x@nhs.uk,Philippines,4332,54
835,Eggs (dozen),418.64,2/28/2020,71,Valaree Blount,vblount1y@hatena.ne.jp,China,,38
953,Savory Italian Herbs,424.36,11/19/2020,72,Selene Fairney,sfairney1z@soundcloud.com,Albania,,21
961,Artisan Pickles,529.15,2/6/2020,73,Zitella Kirby,zkirby20@smh.com.au,Canada,N1G,37
223,Fitness Jump Rope with LCD Counter,38.47,12/18/2020,74,Sally Tapscott,stapscott21@icio.us,China,,53
361,Ginger Tea,619.68,7/25/2020,75,Anton McKelloch,amckelloch22@plala.or.jp,Brazil,58305-000,67
879,Maple Chipotle Glaze,156.47,10/10/2020,76,Alaric Adrien,aadrien23@cisco.com,Russia,690880,82
571,Bamboo Utensil Holder,259.05,1/15/2020,77,Keriann Chaise,kchaise24@smugmug.com,Morocco,,51
739,Denim Jacket,517.37,3/15/2020,78,Valeria Lodford,vlodford25@netvibes.com,China,,66
552,Travel Size Toiletry Bottles,226.56,1/16/2020,79,Wynny Benedicto,wbenedicto26@google.com.hk,China,,78
332,Self-Adhesive Wallpaper,465.83,11/8/2020,80,Odele Munnis,omunnis27@chron.com,Portugal,4690-580,19
521,Cauliflower Gnocchi,439.7,9/6/2020,81,Kort Polkinghorne,kpolkinghorne28@ebay.co.uk,Russia,386250,20
921,Honey Mustard Chicken Breasts,930.5,6/30/2020,82,Bastian Alvy,balvy29@miibeian.gov.cn,Indonesia,,32
932,Foot Massager Machine,796.52,9/30/2020,83,Emlyn Hucknall,ehucknall2a@columbia.edu,Thailand,43210,33
289,Smart Fitness Scale,128.42,6/17/2020,84,Mario Oldershaw,moldershaw2b@un.org,Sweden,125 46,41
689,Fitness Jump Box,198.48,3/23/2020,85,Hashim Smalles,hsmalles2c@redcross.org,Finland,31761,41
611,Buffalo Sauce,438.7,3/6/2020,86,Layne Drewitt,ldrewitt2d@senate.gov,France,95959 CEDEX 2,43
143,Apple Sauce,615.37,9/5/2020,87,Sabine Evamy,sevamy2e@tripadvisor.com,Philippines,9612,63
396,Leek and Potato Soup,624.46,9/21/2020,88,Edik Saffin,esaffin2f@issuu.com,Argentina,3374,69
272,Creative Puzzle Game,285.7,3/13/2020,89,Lani Adamovsky,ladamovsky2g@utexas.edu,Argentina,4174,67
967,Electric Skillet,788.69,4/12/2020,90,Hillary Bowdery,hbowdery2h@etsy.com,China,,50
987,Coconut Cream Pie Yogurt,642.54,4/7/2020,91,Alaster Deguara,adeguara2i@ebay.co.uk,Russia,429720,39
920,Tea Infuser,914.74,4/22/2020,92,Susanetta McCaw,smccaw2j@rakuten.co.jp,China,,75
663,Coconut Curry Lentils,648.28,10/25/2020,93,Milly Juris,mjuris2k@gmpg.org,Japan,981-4121,77
363,Fruit and Nut Medley,156.82,12/30/2020,94,Roanne Widdicombe,rwiddicombe2l@nytimes.com,Indonesia,,27
564,Wireless Earbuds Case,274.8,1/25/2020,95,Eugen Rennicks,erennicks2m@ow.ly,Belarus,,52
849,Screen Cleaning Kit,565.86,10/26/2020,96,Sharity Meanwell,smeanwell2n@nih.gov,Poland,11-420,34
338,Multi-Function Smartphone Holder,421.09,1/17/2020,97,Brigg Mumbey,bmumbey2o@mashable.com,China,,65
494,Organic Lentil Soup,981.44,1/8/2020,98,Mureil Schrinel,mschrinel2p@harvard.edu,China,,67
287,Sweet Potato Noodles,920.14,10/17/2020,99,Stinky Allans,sallans2q@howstuffworks.com,Czech Republic,765 02,69
193,Organic Quinoa,394.61,4/13/2020,100,Rowney Gookey,rgookey2r@smh.com.au,China,,35
729,Chia Seed Pudding,799.85,10/18/2020,101,Tandy Maddrah,tmaddrah2s@aol.com,Brazil,14180-000,38
803,Self-Cleaning Cat Litter Box,513.82,8/1/2020,102,Werner Kellart,wkellart2t@reference.com,Greece,,64
355,Manual Coffee Grinder,912.82,11/16/2020,103,Bord Patesel,bpatesel2u@dagondesign.com,China,,75
664,Window A/C Unit,542.24,9/20/2020,104,Gaye Yearne,gyearne2v@wikia.com,China,,62
330,Basketball,188.36,6/13/2020,105,Ag Scarbarrow,ascarbarrow2w@i2i.jp,China,,59
815,Wall-Mounted Spice Rack,23.65,7/12/2020,106,Gregory Petyt,gpetyt2x@linkedin.com,Portugal,2000-715,80
336,Multifunctional Pocket Tool,869.16,7/22/2020,107,Woodman Curtiss,wcurtiss2y@google.cn,Portugal,4785-228,41
329,Cinnamon Sugar Popcorn,707.45,11/4/2020,108,Bastien Berthon,bberthon2z@wikipedia.org,China,,31
911,Lemon Sorbet,900.53,11/29/2020,109,Durant Langan,dlangan30@archive.org,China,,38
711,Corn Tortillas,196.43,3/12/2020,110,Bevvy Bagley,bbagley31@mozilla.com,China,,72
663,Pasta Maker Machine,588.89,5/25/2020,111,Stanford Robbey,srobbey32@soundcloud.com,Brazil,45260-000,29
587,Mango Chia Pudding,524.46,5/25/2020,112,Ginnie Velasquez,gvelasquez33@miibeian.gov.cn,China,,80
110,DIY Candle Kit,635.63,7/22/2020,113,Janetta Berntsson,jberntsson34@sciencedirect.com,Yemen,,27
210,Beef Enchilada Casserole,641.45,11/4/2020,114,Tara Standish,tstandish35@youku.com,Brazil,79900-000,38
368,Maxi Wrap Dress,757.47,4/16/2020,115,Karlis Gosforth,kgosforth36@stumbleupon.com,United States,10125,36
504,Cotton Quilted Throw Blanket,259.0,1/3/2020,116,Andrew De Laspee,ade37@mail.ru,China,,83
109,Pet Reflective Vest,155.52,3/21/2020,117,Bethena Zeale,bzeale38@photobucket.com,Sweden,184 70,21
317,Luxe Velvet Blazer,710.17,8/27/2020,118,Edee Slavin,eslavin39@sogou.com,Dominican Republic,11005,70
675,Avocado Oil,84.22,9/8/2020,119,Mario Antliff,mantliff3a@mozilla.com,Indonesia,,69
123,Fresh Strawberries,528.69,5/13/2020,120,Marcellus Bythell,mbythell3b@dion.ne.jp,Cameroon,,80
700,Herbal Tea Variety Pack,986.34,3/15/2020,121,Knox Rothera,krothera3c@dailymail.co.uk,Panama,,45
855,Waffle Maker,290.13,7/9/2020,122,Myrwyn Lumsden,mlumsden3d@ucsd.edu,China,,46
764,Adjustable Window Blind,553.6,11/25/2020,123,Elwin Chape,echape3e@feedburner.com,Sweden,117 37,63
630,Fitness Tracker Band,623.98,1/3/2020,124,Alisa Shere,ashere3f@yelp.com,Sweden,603 52,18
874,Fruit and Nut Medley,160.83,3/29/2020,125,Ardith Gidman,agidman3g@acquirethisname.com,Poland,37-511,66
630,Chicken Parmesan Dinner Kit,487.05,12/13/2020,126,Clemmy Blenkinsopp,cblenkinsopp3h@dropbox.com,Malaysia,93762,85
279,Avocado Oil Mayo,691.6,11/12/2020,127,Court Sarre,csarre3i@nba.com,Armenia,,85
609,Baby Safety Corner Guards,364.54,1/23/2020,128,Ramona Tew,rtew3j@dmoz.org,South Africa,6901,27
197,Banana Peanut Butter Smoothie,946.48,10/17/2020,129,Elsy Deakins,edeakins3k@nydailynews.com,United States,59112,82
989,Savory Oatmeal Cups,41.97,2/2/2020,130,Colan Ondracek,condracek3l@miibeian.gov.cn,Philippines,5004,67
127,Organic Italian Seasoning,163.35,6/17/2020,131,Tamra Sandell,tsandell3m@liveinternet.ru,Ireland,D24,29
485,Ice Cube Tray with Lid,550.68,6/18/2020,132,Rene Gooble,rgooble3n@bandcamp.com,United States,77293,42
845,Graphic Tee,786.94,2/3/2020,133,Ingamar Bambery,ibambery3o@istockphoto.com,Philippines,3107,38
450,Lemon Garlic Marinade,371.75,12/21/2020,134,Niko Featherstonehaugh,nfeatherstonehaugh3p@instagram.com,Indonesia,,48
586,Pet Hair Remover,397.35,2/25/2020,135,Jackie MacMorland,jmacmorland3q@netvibes.com,Vietnam,,22
163,Shredded Cheese,428.83,12/1/2020,136,Millie Sandeson,msandeson3r@timesonline.co.uk,Peru,,22
291,Zucchini Noodle Pasta,741.07,6/1/2020,137,Cassaundra Shellard,cshellard3s@army.mil,Poland,76-231,49
917,Under Desk Footrest,732.37,12/18/2020,138,Reece Burhouse,rburhouse3t@artisteer.com,Russia,174450,76
444,Electric Meat Grinder,488.9,5/24/2020,139,Angus Bletsor,abletsor3u@linkedin.com,Greece,,58
345,Fitness Tracker with Heart Rate Monitor,744.59,7/22/2020,140,Englebert Harsum,eharsum3v@blogger.com,Albania,,24
485,Sweet Potato & Kale Hash,266.26,7/30/2020,141,Lenora Claris,lclaris3w@360.cn,Serbia,,43
840,Spicy Thai Coconut Soup,684.01,5/25/2020,142,Dodi Troyes,dtroyes3x@biglobe.ne.jp,Mexico,56030,41
774,Pork Tenderloin,515.12,4/21/2020,143,Brita Pfeiffer,bpfeiffer3y@diigo.com,Russia,216245,30
293,Honey Sriracha Chicken Bites,493.94,1/30/2020,144,Lori Dayly,ldayly3z@multiply.com,Argentina,7240,30
111,Water Bottle,864.65,5/1/2020,145,Wandie Pargent,wpargent40@princeton.edu,Luxembourg,L-9359,48
167,Aged White Cheddar Popcorn,741.03,11/27/2020,146,Vaughan Reichelt,vreichelt41@yahoo.co.jp,Niger,,29
188,Vegetable Spring Rolls,860.49,1/27/2020,147,Petronille Kochl,pkochl42@biblegateway.com,Portugal,2710-200,46
512,Tailored Blazer,712.98,11/12/2020,148,Heda Joseff,hjoseff43@umn.edu,Portugal,2525-713,67
696,Set of Silicone Cooking Utensils,528.82,12/10/2020,149,Vickie Sture,vsture44@de.vu,Canada,V1R,26
958,Watercolor Paint Set,228.44,5/14/2020,150,Hector Gatehouse,hgatehouse45@guardian.co.uk,Indonesia,,25
201,Pineapple Coconut Bars,297.57,11/8/2020,151,Daveen McCathy,dmccathy46@samsung.com,China,,70
712,Matcha Green Tea Powder,528.11,8/2/2020,152,Harriet Jelly,hjelly47@newsvine.com,Sierra Leone,,75
121,Stainless Steel Travel Mug,217.55,12/7/2020,153,Hailey Maidens,hmaidens48@bravesites.com,Libya,,59
210,Baking Powder,46.99,2/5/2020,154,Inesita Urch,iurch49@state.gov,China,,51
686,Apricot Jam,423.35,8/5/2020,155,Blondie Urpeth,burpeth4a@nbcnews.com,Poland,97-212,59
837,Mediterranean Chickpea Bowl,611.54,9/16/2020,156,Emilio Keely,ekeely4b@spotify.com,Indonesia,,57
148,Grilled Veggie Burgers,752.15,2/28/2020,157,Alejandro Keyden,akeyden4c@hatena.ne.jp,China,,49
843,Garden Kneeler and Seat,705.31,3/24/2020,158,Rodolph Neely,rneely4d@intel.com,Poland,88-324,32
670,Pest Control Traps,783.41,6/5/2020,159,Alistair Meagh,ameagh4e@mac.com,China,,65
569,Reflective Safety Vest,281.69,9/16/2020,160,Durand Hughes,dhughes4f@devhub.com,Sweden,722 44,42
673,Margherita Pizza,989.84,12/28/2020,161,Kippie Kiltie,kkiltie4g@google.ru,South Africa,4399,24
548,Vegetarian Stuffed Peppers,297.97,9/8/2020,162,Abagael Frontczak,afrontczak4h@shinystat.com,Portugal,4830-411,53
102,Outdoor String Lights,964.5,9/21/2020,163,Jess Gilham,jgilham4i@walmart.com,China,,39
324,Organic Coconut Yogurt,681.72,11/27/2020,164,Judi Somerled,jsomerled4j@slate.com,Egypt,,60
981,Multi-Function Smartphone Holder,553.16,11/18/2020,165,Lorens Heaps,lheaps4k@adobe.com,Mexico,43161,20
535,Sweet Potato Mash,884.7,6/29/2020,166,Bevin Josofovitz,bjosofovitz4l@washington.edu,Indonesia,,75
258,Kids Tablet,983.04,12/3/2020,167,Risa Calendar,rcalendar4m@comcast.net,South Africa,6139,18
449,Handmade Wooden Utensil Set,836.89,8/30/2020,168,Fonz Thomazet,fthomazet4n@paginegialle.it,China,,79
803,Energy Bites,267.89,3/3/2020,169,Ailey Sheringham,asheringham4o@wordpress.org,Nigeria,,58
836,Cheddar Cheese Slices,128.26,10/22/2020,170,Anna-diana Ivanenkov,aivanenkov4p@furl.net,Indonesia,,49
803,Ethical Wool Scarf,960.35,11/6/2020,171,Esme Scullin,escullin4q@imageshack.us,Portugal,3405-305,19
180,Carrot Sticks,960.41,12/20/2020,172,Silvio Warin,swarin4r@live.com,China,,65
766,Protein Powder,858.91,8/15/2020,173,Constantia Iacobetto,ciacobetto4s@netlog.com,Indonesia,,43
911,Honey Mustard Sauce,233.52,5/18/2020,174,Felicity Edridge,fedridge4t@scribd.com,Brazil,65400-000,30
907,Chewy Granola Bars,351.46,7/15/2020,175,Robin Grafom,rgrafom4u@wufoo.com,China,,82
747,Chili Lime Corn Chips,267.46,4/19/2020,176,Win Blenkinsopp,wblenkinsopp4v@hhs.gov,United States,27409,75
954,Bluetooth Sleep Headphones,812.06,12/26/2020,177,Gwendolen Robert,grobert4w@army.mil,China,,73
214,Fitness Tracker Band,48.69,1/9/2020,178,Malanie Danels,mdanels4x@mediafire.com,Indonesia,,39
192,Maple Bacon Popcorn,50.2,5/7/2020,179,Gayla Bangiard,gbangiard4y@springer.com,Bosnia and Herzegovina,,47
143,Cable Knit Beanie,307.32,11/3/2020,180,Roberta Droghan,rdroghan4z@w3.org,China,,24
446,Ranch Dressing,949.11,2/21/2020,181,Billie Trustram,btrustram50@fotki.com,China,,44
146,Thai Red Curry Paste,484.72,11/1/2020,182,Frankie Edgeson,fedgeson51@elpais.com,China,,28
787,Kids' Trampoline,225.85,6/28/2020,183,Winfred Pratley,wpratley52@webnode.com,China,,66
482,Air Fryer Oven,296.62,6/10/2020,184,Deborah Ferier,dferier53@mac.com,Chile,,75
120,Motorcycle Phone Mount,144.84,6/27/2020,185,Blisse Houten,bhouten54@booking.com,Trinidad and Tobago,,47
360,Portable Hammock Swing,490.19,11/24/2020,186,Fulton Stutte,fstutte55@ovh.net,Brazil,77915-000,81
625,Beef Chili,53.44,1/1/2020,187,Naoma Raven,nraven56@etsy.com,Bulgaria,4815,62
121,Athletic Jogging Jacket,625.92,5/5/2020,188,Mata Sayse,msayse57@mozilla.com,Venezuela,,67
598,Portable UV Sterilizer,88.75,8/10/2020,189,Bernadette Chart,bchart58@theglobeandmail.com,Indonesia,,25
249,Adjustable Laptop Desk,37.93,1/26/2020,190,Ewan Tombleson,etombleson59@biblegateway.com,Haiti,,73
178,Coconut Water,171.99,6/4/2020,191,Crissie Scullin,cscullin5a@baidu.com,Colombia,250848,85
677,Non-Stick Crepe Pan,669.67,5/8/2020,192,Lindsey Van Hault,lvan5b@samsung.com,Colombia,545518,18
395,Coconut Oil,461.33,5/9/2020,193,Hana Sommerling,hsommerling5c@nps.gov,Philippines,4806,52
733,Oversized Denim Shirt,187.52,1/12/2020,194,Ginelle Wormstone,gwormstone5d@angelfire.com,China,,85
798,Organic Spinach,796.74,6/18/2020,195,Carrissa O'Cleary,cocleary5e@umich.edu,Philippines,2408,52
147,Spicy Kimchi,226.37,11/2/2020,196,Dorthy Loads,dloads5f@multiply.com,Indonesia,,43
438,High-Quality Yoga Mat,297.71,8/15/2020,197,Jayme Tebbutt,jtebbutt5g@columbia.edu,China,,63
1000,Organic Black Bean Burger,897.6,5/21/2020,198,Federica Blanning,fblanning5h@biblegateway.com,Luxembourg,L-3330,64
933,Cotton Basic Tank,876.65,9/28/2020,199,Garner Philpots,gphilpots5i@nationalgeographic.com,Russia,152730,25
981,Honey Mustard Pretzel Bites,284.8,3/15/2020,200,Nerte Boar,nboar5j@liveinternet.ru,Colombia,252257,35
798,Sesame Garlic Noodles,166.71,12/22/2020,201,Terrance Leach,tleach5k@woothemes.com,Poland,89-320,49
260,Durable Hiking Boots,782.4,9/4/2020,202,Suzann Dekeyser,sdekeyser5l@seesaa.net,Hungary,1239,56
986,Home Brewing Starter Kit,811.91,5/22/2020,203,Lorena Dyball,ldyball5m@utexas.edu,China,,71
636,Ultra-Thin Laptop Sleeve,214.19,12/30/2020,204,Chrysa Collimore,ccollimore5n@ed.gov,Indonesia,,71
592,Diced Tomatoes (canned),507.89,5/4/2020,205,Maxim Stonhouse,mstonhouse5o@yandex.ru,China,,31
410,Cherry Almond Protein Bar,382.22,4/3/2020,206,Brittan Orthmann,borthmann5p@joomla.org,Russia,309509,48
786,Olive Oil,643.8,11/14/2020,207,Nancee Pepperd,npepperd5q@spiegel.de,China,,77
589,Window A/C Unit,720.21,2/13/2020,208,Killian Pickvance,kpickvance5r@cornell.edu,Ukraine,,28
311,Reusable Snack Bags,599.03,5/23/2020,209,Tristam Chotty,tchotty5s@blogs.com,China,,53
712,Kettle Corn Popcorn,615.27,12/21/2020,210,Jessalyn Sprade,jsprade5t@cam.ac.uk,Russia,398902,62
284,Pumpkin Puree,631.31,2/9/2020,211,Harcourt Hospital,hhospital5u@theguardian.com,Indonesia,,67
470,Organic Quinoa,454.86,3/24/2020,212,Pepito Adamolli,padamolli5v@behance.net,Indonesia,,32
992,Pork Chops,869.75,9/23/2020,213,Ondrea Attride,oattride5w@ted.com,Indonesia,,58
682,Asian Noodle Salad Kit,348.94,2/2/2020,214,Vicki Davydzenko,vdavydzenko5x@google.de,Russia,399734,18
802,Popcorn Chicken,842.93,3/18/2020,215,Padgett McElmurray,pmcelmurray5y@webnode.com,Greece,,85
570,Electric Griddle,884.57,12/27/2020,216,Odella Brisbane,obrisbane5z@timesonline.co.uk,Ukraine,,69
461,Portable Hand Warmer,682.26,3/27/2020,217,Shelby Bodesson,sbodesson60@washingtonpost.com,Czech Republic,250 66,27
901,Oven-Baked Parmesan Zucchini,665.21,7/1/2020,218,Mic Gomery,mgomery61@microsoft.com,Indonesia,,29
585,Vegan Chickpea Salad,475.37,12/29/2020,219,Manny Housley,mhousley62@imdb.com,Vietnam,,82
815,Classic Minestrone Soup,314.38,8/7/2020,220,Tricia Dicte,tdicte63@dailymotion.com,Greece,,41
901,Herb-Infused Olive Oil,824.84,3/29/2020,221,Goldia Ganders,gganders64@themeforest.net,China,,54
889,Teriyaki Salmon Fillets,164.3,10/10/2020,222,Cherianne Walesby,cwalesby65@cnbc.com,Iran,,80
324,Flavored Instant Oatmeal,952.05,12/15/2020,223,Randee Kettlestringe,rkettlestringe66@wordpress.com,Malawi,,20
944,Maple Oatmeal,727.11,10/9/2020,224,Nataniel Sline,nsline67@sciencedaily.com,Indonesia,,51
946,Wireless Wi-Fi Extender,544.63,11/9/2020,225,Ardys Sodory,asodory68@creativecommons.org,Canada,P3L,85
586,Electrolyte Water Bottle,29.91,7/22/2020,226,Layla Gother,lgother69@google.com.hk,Indonesia,,25
845,Kids' Educational Tablet,834.76,7/28/2020,227,Chrisse Hugonin,chugonin6a@mail.ru,Thailand,42180,82
342,Chino Shorts,677.53,8/15/2020,228,Archer Vuitte,avuitte6b@facebook.com,United States,25336,64
519,Home Karaoke System,520.65,1/24/2020,229,Ezechiel Southern,esouthern6c@irs.gov,Venezuela,,28
217,Lasagna Noodles,4.24,6/24/2020,230,Rodger Paniman,rpaniman6d@github.io,Thailand,67150,33
652,Summer Tank Dress,51.11,7/16/2020,231,Rogerio Beddow,rbeddow6e@google.com,Russia,141707,85
912,Personalized Cutting Board,347.1,5/28/2020,232,Reinhard Iskowitz,riskowitz6f@netscape.com,China,,82
832,Hot Dog Buns,24.34,2/22/2020,233,Gertrud Ziem,gziem6g@skyrock.com,Portugal,4540-379,71
292,Coloring Books for Adults,654.07,10/23/2020,234,Ileana Gladman,igladman6h@webmd.com,Portugal,4635-640,85
786,Non-Stick Baking Sheet,966.82,2/14/2020,235,Alexandre Dearan,adearan6i@bloglines.com,Zimbabwe,,54
322,Hummus,887.72,8/11/2020,236,Thatch Bech,tbech6j@cocolog-nifty.com,Kazakhstan,,26
558,Organic Coconut Sugar,206.34,5/16/2020,237,Jolene Osinin,josinin6k@sakura.ne.jp,United States,66617,80
862,Classic Watch,377.75,11/26/2020,238,Wendy Longden,wlongden6l@example.com,Indonesia,,79
941,Wildflower Honey,848.35,7/24/2020,239,Latia Maddocks,lmaddocks6m@quantcast.com,Afghanistan,,54
292,Peanut Butter Banana Smoothie Mix,901.24,11/15/2020,240,Pauly Fessler,pfessler6n@cisco.com,Japan,927-0038,23
656,Portable Solar Phone Charger,349.18,12/17/2020,241,Adrien Seivwright,aseivwright6o@adobe.com,Brazil,23860-000,29
659,Wrap Jumpsuit,304.61,7/6/2020,242,Rebbecca Hallan,rhallan6p@xing.com,China,,80
243,Motorcycle Phone Mount,898.42,5/9/2020,243,Jorgan Woolcocks,jwoolcocks6q@multiply.com,Malaysia,87018,46
754,Adjustable Pet Feeder,502.95,1/25/2020,244,Morty Grady,mgrady6r@biglobe.ne.jp,Indonesia,,38
632,Chocolate Chip Cookie Dough,518.55,6/20/2020,245,Kaylee McQuilty,kmcquilty6s@java.com,Equatorial Guinea,,60
426,Camera Tripod,540.39,7/8/2020,246,Ealasaid Vokes,evokes6t@zimbio.com,United States,92835,83
308,Microfiber Cleaning Cloths,16.85,4/30/2020,247,Aldrich Malden,amalden6u@pen.io,Brazil,75780-000,59
793,Folding Pocket Knife,28.81,5/27/2020,248,Everett Livesay,elivesay6v@list-manage.com,Indonesia,,58
331,Hand Mixer,6.75,6/24/2020,249,Livvyy Dedmam,ldedmam6w@nature.com,France,44911 CEDEX 9,47
270,Classic Slim Fit Shirt,922.0,9/8/2020,250,Maria Lamberton,mlamberton6x@php.net,China,,74
757,Homestyle Chicken Noodle Soup,76.84,8/31/2020,251,Nessi Ullrich,nullrich6y@cbc.ca,Russia,215807,23
272,Baking Powder,143.26,6/16/2020,252,Joanna Leece,jleece6z@cargocollective.com,Ireland,R14,27
771,Apricot Jam,505.3,3/11/2020,253,Hube Toten,htoten70@walmart.com,Czech Republic,664 42,58
377,Bamboo Toothbrush,456.19,1/4/2020,254,Johannes Newsome,jnewsome71@com.com,Indonesia,,77
394,Portable Electric Fan,548.71,7/26/2020,255,Ashley Pauli,apauli72@yolasite.com,Afghanistan,,24
472,Plant-Based Meal Prep Containers,449.84,4/27/2020,256,Giacomo Chadbourne,gchadbourne73@cyberchimps.com,Mongolia,,84
981,Travel Document Organizer,479.92,8/19/2020,257,Lorry Riley,lriley74@istockphoto.com,China,,48
316,Set of Measuring Spoons,508.87,4/28/2020,258,Read Suttie,rsuttie75@tuttocitta.it,China,,43
594,Car Vacuum Cleaner,882.72,5/24/2020,259,Enid Adamolli,eadamolli76@illinois.edu,China,,63
962,Pomegranate Juice,615.83,5/21/2020,260,Angelita Curtiss,acurtiss77@shop-pro.jp,Poland,31-999,37
485,Handcrafted Wooden Jewelry Box,993.22,5/14/2020,261,Theodosia Dillway,tdillway78@shinystat.com,Latvia,,81
908,Turkey Bacon,977.87,7/23/2020,262,Arluene Mathiasen,amathiasen79@vinaora.com,China,,38
838,Cheddar & Bacon Potato Skins,312.44,6/8/2020,263,Emelen Swansbury,eswansbury7a@hhs.gov,Poland,34-735,37
712,Decorative Throw Pillows,338.84,3/2/2020,264,Gratia Dowrey,gdowrey7b@netscape.com,Colombia,230029,83
772,Solar Charger,524.96,7/18/2020,265,Pace Lamputt,plamputt7c@dropbox.com,Finland,66999,78
238,Smart Fitness Scale,90.76,6/14/2020,266,Aileen Marshallsay,amarshallsay7d@ft.com,Brazil,78550-000,74
890,Mini Air Hockey Table,346.69,1/6/2020,267,Orlan Challender,ochallender7e@google.fr,Poland,46-020,45
508,Beef Sirloin Steak,799.27,1/13/2020,268,Leslie Burtwhistle,lburtwhistle7f@fc2.com,Philippines,4107,61
248,Wine Decanter,786.2,8/18/2020,269,Pierre Gouck,pgouck7g@1688.com,Indonesia,,48
389,Honey mustard chicken tenders,704.21,3/5/2020,270,Berty Mergue,bmergue7h@rambler.ru,Benin,,18
567,Pet Grooming Kit,412.57,1/24/2020,271,Blair Bartosinski,bbartosinski7i@fc2.com,United States,96825,75
163,Protein Bar Variety Pack,683.5,9/26/2020,272,Hugues Jiroudek,hjiroudek7j@photobucket.com,Chile,,74
467,Faux Fur Throw Blanket,464.74,6/10/2020,273,Constancia Eakly,ceakly7k@harvard.edu,Japan,959-1146,31
856,Hand Crank Blender,44.52,3/27/2020,274,Amos Bahde,abahde7l@tiny.cc,Italy,98135,48
146,Kids' Crafting Station,787.24,7/11/2020,275,Junina Everest,jeverest7m@noaa.gov,China,,33
988,Scented Candles,520.28,11/30/2020,276,Gherardo Attoe,gattoe7n@drupal.org,Morocco,,50
296,Essential Oils Diffuser Necklace,857.57,3/20/2020,277,Padraig Hearnaman,phearnaman7o@w3.org,China,,68
616,Luxury Bath Salts,325.07,8/17/2020,278,Lonnard Stellino,lstellino7p@seattletimes.com,Indonesia,,46
468,Sweet Chili Thai Sauce,94.2,7/24/2020,279,Lani Gallier,lgallier7q@biglobe.ne.jp,Mexico,30171,44
914,Honey Graham Crackers,42.9,9/19/2020,280,Tedra Twaite,ttwaite7r@blogger.com,Colombia,153007,58
556,Instant Mashed Potatoes,393.5,10/14/2020,281,Nye Braker,nbraker7s@springer.com,Venezuela,,40
589,Pet Leash,610.48,1/26/2020,282,Eugine Jodlowski,ejodlowski7t@soup.io,Denmark,1577,61
192,Electric Air Pump,997.04,7/21/2020,283,Evonne Aloshkin,ealoshkin7u@hhs.gov,Colombia,203048,51
696,Noise-Canceling Earbuds,977.9,3/21/2020,284,Dew Tedorenko,dtedorenko7v@rakuten.co.jp,United States,87105,40
308,Cinnamon Rolls,13.72,9/19/2020,285,Yetty O'Looney,yolooney7w@prlog.org,Czech Republic,464 01,36
632,Inflatable Paddle Board,527.24,8/29/2020,286,Cloris Gemmell,cgemmell7x@mysql.com,Argentina,5900,26
282,Savory Italian Herbs,795.94,12/9/2020,287,Donna Chittey,dchittey7y@geocities.com,China,,30
998,Frozen Mixed Vegetables,893.45,9/4/2020,288,Cary Strick,cstrick7z@spotify.com,Brazil,58865-000,81
525,Home Karaoke System,57.15,8/12/2020,289,Vina Olyonov,volyonov80@amazon.co.jp,China,,80
686,Electric Bike,803.83,3/14/2020,290,Tiffany Allmond,tallmond81@blogspot.com,Egypt,,37
223,Gaming Mousepad,954.36,9/4/2020,291,Coralyn Rawe,crawe82@constantcontact.com,United States,53277,70
903,Pet Grooming Kit,794.87,12/17/2020,292,Teresa Elcome,telcome83@twitter.com,Mali,,80
623,Raspberry Vanilla Greek Yogurt,239.82,7/8/2020,293,Aluin O'Concannon,aoconcannon84@weather.com,Indonesia,,51
343,Brazil Nuts,834.09,9/15/2020,294,Abran Bradwell,abradwell85@washington.edu,Azerbaijan,,50
263,Basic V-Neck T-Shirt,776.67,4/11/2020,295,Kat Belhome,kbelhome86@indiatimes.com,China,,43
699,Pecan Nuts,615.33,11/11/2020,296,Gray Pellitt,gpellitt87@squarespace.com,China,,71
810,Savory Mushroom Risotto,51.84,8/27/2020,297,Teri Tilbury,ttilbury88@domainmarket.com,Myanmar,,63
280,Garlic Herb Grilled Chicken,368.75,4/3/2020,298,Bobbi Darlington,bdarlington89@hostgator.com,Colombia,633008,42
869,Silicone Baking Mats,375.85,2/3/2020,299,Jerry Reboul,jreboul8a@slate.com,Ukraine,,51
850,Smartphone Gimbal,204.22,11/14/2020,300,Leta Radloff,lradloff8b@dailymotion.com,China,,66
820,Multi-Purpose Marine Rope,462.0,9/29/2020,301,Alaine Burtt,aburtt8c@goo.gl,United States,45223,70
523,Cat Tree,363.74,8/6/2020,302,Edgard Eastmond,eeastmond8d@tripadvisor.com,France,69212 CEDEX 03,22
192,Bamboo Utensil Holder,661.45,9/14/2020,303,Thomasin Martinie,tmartinie8e@mapquest.com,Philippines,6612,32
968,Sourdough Bread,996.52,5/13/2020,304,Merell Burrett,mburrett8f@comcast.net,France,34435 CEDEX,21
372,Stick Vacuums Cleaner,35.91,1/24/2020,305,Yvonne Seage,yseage8g@google.nl,United States,93907,63
348,Smart Fitness Scale,895.7,2/3/2020,306,Car Fawbert,cfawbert8h@cnbc.com,Mexico,93350,25
203,Italian Pasta,546.39,9/10/2020,307,Flossi Vile,fvile8i@samsung.com,Philippines,6016,42
337,Handmade Soap Making Kit,246.05,6/7/2020,308,Linell Bazire,lbazire8j@plala.or.jp,Poland,14-230,39
988,Breathable Face Mask Set,438.7,11/5/2020,309,Alphard Pudden,apudden8k@spiegel.de,Russia,613384,58
638,Fresh Basil Pesto,929.16,11/2/2020,310,Shellie Daish,sdaish8l@163.com,United Kingdom,W1F,38
214,Smart Thermostat,908.56,3/10/2020,311,Aurilia Shepherdson,ashepherdson8m@ftc.gov,Brazil,76680-000,49
370,Green Tea Matcha Powder,368.42,7/8/2020,312,Alessandro Barrable,abarrable8n@deliciousdays.com,Nigeria,,82
837,Insulated Wine Tote,954.84,10/5/2020,313,Belle Forsbey,bforsbey8o@uol.com.br,Indonesia,,42
783,Frozen Hash Browns,19.82,1/22/2020,314,Beth Whissell,bwhissell8p@symantec.com,China,,21
185,Breezy Off-The-Shoulder Top,765.2,4/4/2020,315,Ryun Wittke,rwittke8q@admin.ch,United States,22184,53
691,Recipe Book Stand,394.56,10/11/2020,316,Joan McLaughlan,jmclaughlan8r@sina.com.cn,Vietnam,,59
795,Streaming Device,826.46,9/11/2020,317,Birk Stump,bstump8s@plala.or.jp,South Africa,5330,59
887,Microfiber Cleaning Cloths,917.65,4/9/2020,318,Huey Fassman,hfassman8t@soundcloud.com,United States,02114,46
973,Surimi Crab Sticks,628.55,9/14/2020,319,Mar Padbery,mpadbery8u@typepad.com,Indonesia,,79
345,Teriyaki Stir-Fry Sauce,879.99,2/11/2020,320,Miles Buckner,mbuckner8v@adobe.com,Philippines,0950,23
518,Smartphone Projector Kit,618.5,7/14/2020,321,Free Spenclay,fspenclay8w@lycos.com,Guatemala,04012,41
391,Non-Toxic Concrete Sealer,911.9,3/25/2020,322,Blinni Yezafovich,byezafovich8x@blogger.com,Philippines,9401,51
999,Grilled Veggie Burgers,829.2,2/20/2020,323,Crawford Henrion,chenrion8y@bandcamp.com,Czech Republic,747 11,64
690,Sea Salt Caramel Brownie,182.11,7/7/2020,324,Neale Sloat,nsloat8z@furl.net,Ivory Coast,,54
490,Chicken Broth,945.83,6/3/2020,325,Frayda Hadingham,fhadingham90@cdbaby.com,Bolivia,,78
391,Peach Yogurt,78.15,3/23/2020,326,Eydie Golborn,egolborn91@istockphoto.com,Brazil,73850-000,30
750,Buffalo Chicken Wraps,453.37,4/18/2020,327,Michail Goldsack,mgoldsack92@ustream.tv,Russia,431045,34
655,Pet Training Clicker,446.41,2/5/2020,328,Jackelyn Rattery,jrattery93@xing.com,Philippines,6407,38
635,Strawberry Fruit Spread,126.6,3/16/2020,329,Cilka Skechley,cskechley94@state.gov,South Africa,1916,66
398,Wooden Blocks,367.87,6/14/2020,330,Shaun Berney,sberney95@barnesandnoble.com,Azerbaijan,,48
410,Smoked Gouda Cheese,932.05,3/24/2020,331,Angeli Clynman,aclynman96@chron.com,Nigeria,,80
935,Bamboo Toothbrush,887.13,12/5/2020,332,Robin O'Feeney,rofeeney97@smh.com.au,Comoros,,19
601,Dishwasher Safe Cutting Board,743.21,10/26/2020,333,Mel MacNelly,mmacnelly98@youtu.be,China,,18
740,Low-Fat Cottage Cheese,797.05,7/14/2020,334,Wilma Balaisot,wbalaisot99@fda.gov,Russia,606055,64
899,Microwave Popcorn Maker,199.27,8/7/2020,335,Guilbert Valti,gvalti9a@psu.edu,China,,52
452,Mechanical Keyboard,357.83,12/23/2020,336,Kirstyn Gon,kgon9b@ovh.net,Philippines,4430,54
380,Rainbow Veggie Chips,890.99,10/20/2020,337,Maxine Lycett,mlycett9c@yellowpages.com,Norway,6506,75
310,Chocolate Avocado Pudding,136.95,2/10/2020,338,Mychal Strattan,mstrattan9d@seesaa.net,Czech Republic,569 43,59
653,Portable Massage Table,951.83,11/28/2020,339,Riccardo Hatwell,rhatwell9e@blogger.com,Peru,,67
880,Freestanding Wine Rack,136.59,2/4/2020,340,Carla Mosdall,cmosdall9f@flickr.com,China,,85
409,Herb-Infused Olive Oil,346.58,6/25/2020,341,Hayward Tregenna,htregenna9g@wix.com,Indonesia,,58
511,Fitness Activity Journal,494.59,10/21/2020,342,Maggie Danielsen,mdanielsen9h@t-online.de,China,,67
905,Smart Plant Monitor,941.68,5/29/2020,343,Nonnah Stanton,nstanton9i@acquirethisname.com,France,75419 CEDEX 08,53
388,Outdoor Portable Fire Pit,458.25,8/14/2020,344,Fawn Wilmington,fwilmington9j@soundcloud.com,Russia,357371,41
543,Insulated Wine Tote,875.03,9/23/2020,345,Nancey Simionescu,nsimionescu9k@yellowpages.com,China,,71
877,Coconut Chips,763.06,9/25/2020,346,Thomas Jamson,tjamson9l@mashable.com,Indonesia,,82
249,Garlic Butter Sauce,39.36,10/1/2020,347,Drucill Trengrouse,dtrengrouse9m@wsj.com,China,,64
598,Chipotle Black Bean Burger,437.31,4/4/2020,348,Pattie Fairney,pfairney9n@google.de,Nepal,,18
588,Sliced Turkey Breast,675.98,5/23/2020,349,Aloysius Draco,adraco9o@unesco.org,Portugal,4730-300,84
240,Interactive Robot Toy,960.47,5/1/2020,350,Cordy Rivallant,crivallant9p@blinklist.com,France,58017 CEDEX,68
519,Greek Yogurt Parfait,749.3,7/31/2020,351,Valentine Christophe,vchristophe9q@cloudflare.com,Poland,18-230,48
221,Paprika,698.23,6/30/2020,352,Jobyna Mushett,jmushett9r@flickr.com,Indonesia,,19
862,Foam Muscle Roller,786.49,12/15/2020,353,Rick Van Cassel,rvan9s@i2i.jp,China,,64
538,Pet Camera with Treat Dispenser,819.97,2/10/2020,354,Sebastian Kuhndel,skuhndel9t@geocities.com,China,,84
667,Organic Chia Seeds,495.27,1/27/2020,355,Abram Dibson,adibson9u@paypal.com,Indonesia,,44
496,Vegetable Medley,998.77,6/19/2020,356,Arv Kulver,akulver9v@webeden.co.uk,Russia,624449,34
280,Chocolate Chip Cookie Dough,165.78,2/26/2020,357,Kathrine Portwain,kportwain9w@instagram.com,Indonesia,,81
214,Body Wash,69.41,1/4/2020,358,Jamal Pinck,jpinck9x@phpbb.com,Russia,249192,65
852,Buffalo Chicken Dip,240.9,5/4/2020,359,Saba Karpychev,skarpychev9y@uol.com.br,Djibouti,,52
514,Sushi Rice,810.12,1/23/2020,360,Yvor Darnbrook,ydarnbrook9z@nytimes.com,United States,72199,40
839,Wall Decals for Kids,342.41,12/19/2020,361,Munmro Van der Beek,mvana0@about.com,Panama,,78
414,Beard Grooming Kit,82.89,2/21/2020,362,Edward Cornock,ecornocka1@hostgator.com,China,,59
643,Chocolate Raspberry Tart,189.59,9/19/2020,363,Kaitlyn Whitaker,kwhitakera2@hhs.gov,United States,20078,33
941,Children's Garden Tool Set,677.43,7/9/2020,364,Elysee Howlett,ehowletta3@admin.ch,Argentina,2592,42
850,Balsamic Salad Dressing,661.73,6/1/2020,365,Corrie Aireton,cairetona4@simplemachines.org,Russia,390528,60
402,Garden Vegetable Soup,346.87,11/14/2020,366,Wood Stapforth,wstapfortha5@google.it,China,,74
968,Garden Tool Belt,907.23,5/9/2020,367,Juan Hovington,jhovingtona6@dailymotion.com,Indonesia,,42
614,Mini Pretzels,319.26,5/14/2020,368,Katee Bragginton,kbraggintona7@examiner.com,Indonesia,,21
631,Handmade Leather Journal,225.64,9/4/2020,369,Carri Pee,cpeea8@japanpost.jp,Colombia,525537,50
119,Whisk Set,75.73,10/9/2020,370,Jamie Belz,jbelza9@hexun.com,China,,53
504,Air Purifier,271.68,6/26/2020,371,Lois Linzee,llinzeeaa@unesco.org,Mexico,61910,70
559,Adjustable Resistance Bands,891.06,12/8/2020,372,Ally Trowle,atrowleab@statcounter.com,Jordan,,52
104,Smashed Avocado with Lime,323.12,2/17/2020,373,Ashlan Copello,acopelloac@delicious.com,Argentina,5833,42
743,Smartphone Gimbal Stabilizer,879.92,2/8/2020,374,Chad Basill,cbasillad@prlog.org,Democratic Republic of the Congo,,62
718,Gardening Tools Set,812.92,5/19/2020,375,Kellby Olivo,kolivoae@alexa.com,Mali,,54
681,Almond Flour Tortillas,451.98,8/23/2020,376,Evvy Cohani,ecohaniaf@purevolume.com,Russia,676776,31
960,Chickpea Pancakes,216.52,11/22/2020,377,Zita Handyside,zhandysideag@wufoo.com,China,,71
206,Sweet Potato and Chickpea Bowl,275.57,5/23/2020,378,Granny Gillooly,ggilloolyah@umn.edu,Senegal,,53
131,Smartphone Stand,112.28,9/12/2020,379,Hestia Krystek,hkrystekai@ibm.com,Colombia,762018,52
332,Spicy Tuna Salad,151.6,6/22/2020,380,Giralda Hatterslay,ghatterslayaj@diigo.com,Indonesia,,53
752,Almond Butter Cups,824.34,8/28/2020,381,Odelinda Cobon,ocobonak@csmonitor.com,Indonesia,,23
240,Grapes (red),962.4,3/4/2020,382,Dur Claisse,dclaisseal@columbia.edu,Brazil,23970-000,25
741,Skincare Fridge,265.26,2/7/2020,383,Denver Pescud,dpescudam@hostgator.com,Albania,,19
813,Frozen Hash Browns,403.95,8/21/2020,384,Guinna Dennington,gdenningtonan@wordpress.com,Slovenia,5297,30
971,Sliced Bell Peppers,967.99,8/26/2020,385,Amelita Bickardike,abickardikeao@artisteer.com,Tajikistan,,63
587,Outdoor Adventure Backpack,564.73,9/15/2020,386,Joel Ascrofte,jascrofteap@ft.com,Jamaica,,54
536,Himalayan Salt Grinder,129.57,2/18/2020,387,Luke Bonanno,lbonannoaq@freewebs.com,Russia,433303,31
464,Sriracha Chili Sauce,709.44,6/20/2020,388,Sharron Bartosek,sbartosekar@tmall.com,Colombia,195069,75
176,Chickpeas,786.57,6/30/2020,389,Anica Asplin,aasplinas@bbb.org,Portugal,3610-005,71
582,Energy Bites,342.99,7/28/2020,390,Bobbette Ralston,bralstonat@smugmug.com,Portugal,3025-353,31
500,Spicy Vegetable Sushi Rolls,839.65,3/3/2020,391,Euphemia Riccard,ericcardau@timesonline.co.uk,Nicaragua,,60
754,Fridge Magnet Set,76.85,10/12/2020,392,Carley Blanche,cblancheav@microsoft.com,China,,74
334,Indian Curry Sauce,132.46,12/8/2020,393,Dar Giacovetti,dgiacovettiaw@feedburner.com,Canada,J5V,32
775,Peanut Butter Filled Pretzels,531.65,10/25/2020,394,Josephina Doreward,jdorewardax@skyrock.com,Cuba,,74
872,Sliced Strawberries,889.0,11/28/2020,395,Avigdor Lafaye,alafayeay@bizjournals.com,China,,54
276,Plant-Based Meal Prep Containers,382.67,1/23/2020,396,Sheppard Gelland,sgellandaz@acquirethisname.com,China,,39
352,Chili Beans in Sauce,446.4,1/10/2020,397,Lanette Mounter,lmounterb0@godaddy.com,Poland,62-280,29
855,Frozen Berry Medley,575.02,2/9/2020,398,Dotty Klimkowski,dklimkowskib1@storify.com,Greece,,19
946,Digital Food Scale,943.82,12/2/2020,399,Antonino Voss,avossb2@go.com,Indonesia,,47
721,Silicone Stretch Lids,662.42,5/13/2020,400,Lewes Lusted,llustedb3@trellian.com,Canada,J7J,31
608,Vegan Tacos,884.66,2/29/2020,401,Lina Labat,llabatb4@fda.gov,China,,62
529,Cauliflower Pizza Crust,208.24,10/1/2020,402,Austine Antley,aantleyb5@alibaba.com,Tunisia,,48
397,Breathable Face Mask Set,85.7,3/2/2020,403,Shayne Robertson,srobertsonb6@sohu.com,China,,29
648,Mediterranean Couscous Salad,538.59,8/5/2020,404,Mona Lukianov,mlukianovb7@shop-pro.jp,Russia,238056,82
568,Peanut Butter Protein Balls,645.6,3/3/2020,405,Josias Readshall,jreadshallb8@rediff.com,China,,62
789,Smartphone Photography Tripod,220.17,6/30/2020,406,Orsa Gilardone,ogilardoneb9@timesonline.co.uk,China,,45
619,Orange Ginger Vinaigrette,728.76,9/10/2020,407,Cosette Gagg,cgaggba@walmart.com,China,,21
443,Voice-Controlled Speaker,857.87,4/7/2020,408,Hilary Sheerin,hsheerinbb@histats.com,Greece,,79
875,Blueberry Chia Jam,671.57,10/24/2020,409,Merridie Poulgreen,mpoulgreenbc@wikipedia.org,Philippines,6310,60
559,Black Bean Soup,598.71,4/10/2020,410,Evonne Wilce,ewilcebd@archive.org,Jordan,,53
265,Herb Seasoned Croutons,857.14,7/26/2020,411,Letizia Lavielle,llaviellebe@ezinearticles.com,China,,36
293,Fitness Jump Rope with LCD Counter,132.68,9/7/2020,412,Brady Keatley,bkeatleybf@behance.net,Nigeria,,71
568,Kids' Gardening Kit,637.88,8/1/2020,413,Stephie Oliphard,soliphardbg@cnn.com,Philippines,8715,85
404,Flavored Rice Cakes,628.17,1/29/2020,414,Audry Fakeley,afakeleybh@japanpost.jp,Nicaragua,,42
554,Wireless Security Camera,699.44,1/27/2020,415,Darbee Risbie,drisbiebi@merriam-webster.com,China,,38
334,Smartphone Camera Lens Kit,156.85,10/6/2020,416,Eileen Mor,emorbj@dailymotion.com,Indonesia,,60
652,Cinnamon Sugar Mix,747.28,6/9/2020,417,Emmalyn Noad,enoadbk@ihg.com,Uganda,,38
651,Vegetable Lentil Soup,115.12,5/20/2020,418,Jerri Remirez,jremirezbl@ustream.tv,France,69395 CEDEX 03,21
664,Cucumber,143.08,6/6/2020,419,Rycca Celez,rcelezbm@sphinn.com,Portugal,2420-173,85
249,Mini Meatballs,891.77,8/17/2020,420,Sol Bolitho,sbolithobn@webmd.com,Sweden,974 36,27
318,Utility Cargo Pants,843.31,9/22/2020,421,Briano Kurton,bkurtonbo@cbsnews.com,Ivory Coast,,26
843,Crew Neck Sweater,12.86,8/27/2020,422,Floria Yurenev,fyurenevbp@fema.gov,Brazil,69950-000,42
764,Portable Ice Maker,220.57,8/26/2020,423,Sherline Gerin,sgerinbq@pen.io,Estonia,,38
421,Wall-Mounted Spice Rack,225.25,6/26/2020,424,Keir Vicary,kvicarybr@businesswire.com,Russia,662622,71
207,Bamboo Utensil Holder,251.05,7/6/2020,425,Corina Carncross,ccarncrossbs@plala.or.jp,Ukraine,,46
279,Golf Polo Shirt,109.84,8/19/2020,426,Addie Exrol,aexrolbt@mit.edu,Portugal,5155-104,37
426,Ground Cinnamon,593.05,1/15/2020,427,Sybyl Absolom,sabsolombu@hatena.ne.jp,Uruguay,,68
746,Foam Building Blocks for Kids,32.3,3/6/2020,428,Tierney Fareweather,tfareweatherbv@bandcamp.com,Iran,,55
120,Banana Nut Oatmeal Cups,232.05,8/25/2020,429,Melony Castellet,mcastelletbw@shareasale.com,Russia,671235,18
658,Organic Coconut Oil,754.17,8/6/2020,430,Pate Addy,paddybx@epa.gov,Indonesia,,65
839,Peach Preserves,57.85,1/6/2020,431,Jilleen Wiltshaw,jwiltshawby@eepurl.com,Czech Republic,768 11,39
814,Stainless Steel Cutlery Set,432.92,4/17/2020,432,Anatole Gregoli,agregolibz@tinypic.com,China,,58
230,Dog Walking Waist Pack,364.85,7/15/2020,433,Feodora Kirkbright,fkirkbrightc0@hatena.ne.jp,Sweden,171 94,28
938,Coconut Cream Pie Yogurt,318.98,8/31/2020,434,Alicea Sebright,asebrightc1@usa.gov,China,,60
749,Teriyaki Stir-Fry Sauce,216.87,8/15/2020,435,Hilliard Haugeh,hhaugehc2@facebook.com,Iran,,79
106,Magnetic Chess Set,441.73,3/3/2020,436,Jeniece Yuille,jyuillec3@posterous.com,Indonesia,,28
842,Lightweight Travel Backpack,136.88,2/7/2020,437,Cordie Dittson,cdittsonc4@geocities.com,Brazil,17290-000,65
304,Garlic Parmesan Roasted Nuts,921.24,7/14/2020,438,Shantee Cookes,scookesc5@baidu.com,Ukraine,,44
163,Frozen Vegetarian Pizza,957.78,3/8/2020,439,Kelley Kroin,kkroinc6@wsj.com,Indonesia,,74
726,Pet Bed,320.37,4/17/2020,440,Jordana Pickles,jpicklesc7@google.co.jp,China,,38
479,Coconut Chia Pudding,933.72,11/12/2020,441,Alfy Faithfull,afaithfullc8@bloglovin.com,China,,39
781,Interactive Plush Toy,29.01,8/23/2020,442,Elana Furzer,efurzerc9@photobucket.com,France,94865 CEDEX,46
642,Shatterproof Wine Glasses,626.05,4/15/2020,443,Druci Kofax,dkofaxca@theguardian.com,China,,29
854,Comfy Slippers,552.46,5/10/2020,444,Dolorita Ruoff,druoffcb@i2i.jp,Honduras,,68
299,Car Phone Mount,384.21,12/19/2020,445,Gail Tole,gtolecc@163.com,Indonesia,,80
331,Oven-Baked Parmesan Zucchini,404.14,4/4/2020,446,Matthieu Gabbott,mgabbottcd@addtoany.com,Serbia,,40
179,Zucchini Noodles,28.36,8/9/2020,447,Dex Kinnie,dkinniece@apple.com,France,77484 CEDEX,40
770,Adjustable Skipping Rope,228.51,10/17/2020,448,Barth Meus,bmeuscf@twitpic.com,China,,69
998,Frozen Edamame,962.4,2/8/2020,449,Roz Sedge,rsedgecg@webmd.com,Afghanistan,,70
781,Mini Food Processor,312.43,1/20/2020,450,Jae Redhouse,jredhousech@odnoklassniki.ru,Philippines,3107,44
288,Self-Stirring Mug,576.0,11/12/2020,451,Cleveland Hartnup,chartnupci@ihg.com,Peru,,24
264,USB-C Hub,118.38,11/20/2020,452,Renata Toffoletto,rtoffolettocj@telegraph.co.uk,China,,67
969,Blue Corn Tortilla Chips,99.68,3/25/2020,453,Swen Grigorini,sgrigorinick@cnbc.com,Cameroon,,40
332,Biodegradable Dog Waste Bags,966.44,1/5/2020,454,Angelle Frie,afriecl@indiatimes.com,Azerbaijan,,30
144,Organic Coconut Yogurt,308.05,11/26/2020,455,Merlina Bubeer,mbubeercm@washington.edu,Venezuela,,84
488,Peach Fruit Cups,570.67,5/20/2020,456,Vale Ginnety,vginnetycn@blogtalkradio.com,Portugal,4990-540,41
376,Cranberry Orange Oatmeal,750.24,7/17/2020,457,Peadar Webley,pwebleyco@live.com,Canada,J0J,72
102,Digital Voice Recorder,278.7,10/21/2020,458,Yettie Seagrave,yseagravecp@samsung.com,Indonesia,,78
878,Sweet Cherry Tomatoes,545.98,6/16/2020,459,Chan Lindenman,clindenmancq@com.com,China,,75
187,Hiking Gaiters,925.73,10/22/2020,460,Muffin Donhardt,mdonhardtcr@github.com,China,,49
304,Insulated Cooler,338.31,7/11/2020,461,Betti Whitington,bwhitingtoncs@yellowpages.com,China,,22
478,Silicone Wine Glasses,247.72,9/4/2020,462,Clementine Purrington,cpurringtonct@ask.com,Palestinian Territory,,71
743,Andouille Sausage,793.4,6/1/2020,463,Dirk Dumberell,ddumberellcu@mail.ru,China,,42
660,Spicy Italian Sausage,221.58,3/31/2020,464,Derry Dorgon,ddorgoncv@dailymotion.com,Netherlands,1360,48
427,Balsamic Vinegar,996.23,3/31/2020,465,Brade Frowing,bfrowingcw@behance.net,China,,18
362,Coconut Oil,849.56,3/27/2020,466,Andriana Creese,acreesecx@ted.com,Serbia,,46
534,Portable SSD,825.11,9/6/2020,467,Levon Busse,lbussecy@ucoz.ru,Brazil,77895-000,52
529,Mediterranean Chickpea Bowl,221.75,4/3/2020,468,Chery Connar,cconnarcz@cam.ac.uk,France,76124 CEDEX,66
791,Baking Soda,494.44,5/10/2020,469,Ashlie Orrell,aorrelld0@bluehost.com,Sweden,104 62,63
841,Vegetable Korma,833.56,10/25/2020,470,Warner Sang,wsangd1@ft.com,Ecuador,,81
991,Pepper Jack Cheese Slices,547.82,6/18/2020,471,Page Tudgay,ptudgayd2@cafepress.com,France,54529 CEDEX,30
860,Over-The-Door Shoe Organizer,660.82,10/26/2020,472,Georges Nast,gnastd3@cdc.gov,Mexico,24400,58
663,Home Cleaning Robot,365.74,4/27/2020,473,Felic Rodway,frodwayd4@weebly.com,Portugal,5155-705,44
480,Tailgating Set,530.43,2/22/2020,474,Albert Sentinella,asentinellad5@reverbnation.com,Mexico,36350,24
884,Spinach Feta Wraps,854.32,8/9/2020,475,Meryl Bodechon,mbodechond6@sfgate.com,Indonesia,,85
821,Sweet Potato Tots,860.02,11/13/2020,476,Caria Gwatkins,cgwatkinsd7@goo.gl,Niger,,68
575,Travel Mug with Leak-Proof Lid,157.86,2/28/2020,477,Benjamen Shemelt,bshemeltd8@ovh.net,China,,60
127,Outdoor Adventure Kit,463.97,1/18/2020,478,Hernando Izkovicz,hizkoviczd9@slate.com,Guadeloupe,97188 CEDEX,32
858,Honey Lemon Tea,184.95,2/3/2020,479,Wylie Tubbs,wtubbsda@arizona.edu,Colombia,252257,33
203,Organic Coconut Sugar,48.12,2/20/2020,480,Sandra Corington,scoringtondb@google.nl,Peru,,18
467,Infrared Space Heater,428.99,5/6/2020,481,Tabby MacNess,tmacnessdc@weather.com,Switzerland,8411,40
948,Honey Sriracha Chicken Bites,692.01,9/23/2020,482,Loren Coplestone,lcoplestonedd@slate.com,Russia,658760,22
521,Peanut Butter Filled Pretzels,470.15,5/13/2020,483,Lauraine Breach,lbreachde@nba.com,Mexico,56528,62
105,Lemon Garlic Shrimp,217.22,5/1/2020,484,Lilllie Treagust,ltreagustdf@msn.com,Indonesia,,32
262,Garden Tool Belt,131.68,9/19/2020,485,Ardisj Gillett,agillettdg@reference.com,Brazil,58135-000,33
368,Bamboo Utensil Set,750.2,1/28/2020,486,Harrison Morbey,hmorbeydh@posterous.com,Indonesia,,23
173,Travel Size Toiletry Bottles,229.92,6/18/2020,487,Novelia Bushaway,nbushawaydi@ftc.gov,Brazil,15950-000,18
789,Honey mustard chicken tenders,914.31,9/18/2020,488,Dalton Ealden,dealdendj@digg.com,Philippines,6419,62
596,Gluten-Free Pancake Mix,739.71,1/9/2020,489,Brock Fitter,bfitterdk@bluehost.com,Mexico,30509,73
793,Patterned Knit Scarf,208.57,1/19/2020,490,Northrup Tallman,ntallmandl@t.co,Czech Republic,294 21,61
795,Wine Glasses,364.52,1/27/2020,491,Leeanne Pett,lpettdm@mediafire.com,Brazil,13840-000,28
827,Kids' Outdoor Explorer Kit,387.5,4/30/2020,492,Becky Rennison,brennisondn@hatena.ne.jp,China,,28
285,Sliced Ham,430.46,11/9/2020,493,Tarah Dickie,tdickiedo@usa.gov,Russia,416305,71
950,Skincare Set,424.21,4/13/2020,494,Niles Brilleman,nbrillemandp@qq.com,China,,38
682,Self-Stirring Mug,291.08,11/2/2020,495,Alice Arpin,aarpindq@elegantthemes.com,China,,56
826,Travel Beach Blanket,841.56,3/25/2020,496,Toinette Kettlestringe,tkettlestringedr@amazon.co.uk,France,94174 CEDEX,53
112,Pet Hair Vacuum Cleaner Attachment,383.3,4/7/2020,497,Lily Jeratt,ljerattds@indiatimes.com,Indonesia,,84
450,Athletic Sports Bra,772.84,11/6/2020,498,Bianka Gheraldi,bgheraldidt@netscape.com,Poland,08-108,65
691,Peach Slices (canned),400.47,7/24/2020,499,Archie Kuhl,akuhldu@harvard.edu,Indonesia,,31
216,Canned Sardines,107.96,12/9/2020,500,Brandi Alleyn,balleyndv@ow.ly,France,49937 CEDEX 9,61
850,Cinnamon Sugar Popcorn,932.38,6/18/2020,501,Bale Pendrill,bpendrilldw@flickr.com,Bulgaria,4225,21
134,Sweet Potato Chips,950.02,4/17/2020,502,Dix O'Bradain,dobradaindx@netlog.com,China,,34
779,Essential White Button-Up,61.36,4/24/2020,503,Odelinda Conti,ocontidy@facebook.com,China,,39
427,Buffalo Wing Sauce,157.65,2/17/2020,504,Melony Muress,mmuressdz@prnewswire.com,Philippines,8301,68
767,Dark Chocolate Covered Pretzels,560.96,9/22/2020,505,Tobe Keilty,tkeiltye0@altervista.org,Russia,141146,29
253,Maple Breakfast Sausage,933.37,5/13/2020,506,Davie Kent,dkente1@studiopress.com,Lebanon,,79
759,Comfy Slippers,458.51,7/11/2020,507,Chevalier Turle,cturlee2@washington.edu,Ukraine,,55
464,Garden Tool Belt,561.57,12/22/2020,508,Vanny Normanville,vnormanvillee3@google.it,Portugal,4650-530,43
890,Spaghetti and Meatball Dinner Kit,265.33,9/26/2020,509,Susie Leiden,sleidene4@macromedia.com,China,,18
779,Car Windshield Sun Shade,431.52,5/7/2020,510,Dominique Mellers,dmellerse5@technorati.com,Indonesia,,21
639,Pet Reflective Vest,375.81,8/20/2020,511,Sim Skippings,sskippingse6@un.org,China,,34
322,Peanut Butter Granola,949.58,6/16/2020,512,Talbot O'Kane,tokanee7@howstuffworks.com,Argentina,3636,50
470,Smart WiFi Plug,207.98,10/13/2020,513,Rich Sommerton,rsommertone8@delicious.com,Canada,J0A,56
604,Roasted Red Pepper Hummus,6.28,10/22/2020,514,Althea Pascoe,apascoee9@squarespace.com,China,,62
220,LED Desk Lamp,525.7,8/21/2020,515,Carly Bettaney,cbettaneyea@skype.com,Argentina,2152,25
466,Throw Pillow Covers,895.65,8/29/2020,516,Josefina Causbey,jcausbeyeb@smh.com.au,France,67975 CEDEX 9,58
630,Granola,485.87,2/1/2020,517,Oates Scothern,oscothernec@jiathis.com,Indonesia,,37
621,Lentil Pasta,733.51,2/26/2020,518,Tyson Martinat,tmartinated@reverbnation.com,Portugal,2000-355,42
360,Window A/C Unit,843.63,1/22/2020,519,Dolores Heck,dheckee@yelp.com,Portugal,3550-053,55
179,Pasta Primavera Kit,42.4,4/9/2020,520,Trumaine Stileman,tstilemanef@devhub.com,France,61042 CEDEX,73
509,Peach Mango Smoothie,325.47,6/16/2020,521,Ainsley Bowes,aboweseg@netscape.com,France,61304 CEDEX,32
632,Comfy Slippers,86.56,11/20/2020,522,Maddie Rudsdale,mrudsdaleeh@toplist.cz,Chile,,56
471,Puzzle Game Set,602.96,5/7/2020,523,Berri O'Carrol,bocarrolei@e-recht24.de,Greece,,63
224,Thermostatic Shower Valve Kit,806.57,11/11/2020,524,Dicky Kinny,dkinnyej@dailymail.co.uk,Russia,422986,63
341,Coconut Cream Pie,872.63,8/28/2020,525,Sheri Robins,srobinsek@cnet.com,Uruguay,,28
528,Thermostatic Shower Valve Kit,359.07,3/20/2020,526,Patti Jankiewicz,pjankiewiczel@amazon.co.uk,Costa Rica,21001,82
930,Tailored Dress Pants,603.46,4/3/2020,527,Ewan Bradder,ebradderem@webmd.com,Portugal,3740-228,60
405,Decorative LED Neon Sign,529.46,1/1/2020,528,Cherida Leaver,cleaveren@wikipedia.org,Brazil,88350-000,28
693,Herb Drying Rack,559.41,3/9/2020,529,Greer Perch,gpercheo@ifeng.com,Colombia,052027,45
780,Feta Cheese Crumbles,712.24,9/10/2020,530,Farrah Knowller,fknowllerep@com.com,Colombia,175007,42
324,Beef Chili,389.3,11/21/2020,531,Franz Deluze,fdeluzeeq@ox.ac.uk,Sweden,791 96,53
775,Sea Salt Tortilla Chips,682.63,5/21/2020,532,Sheridan Binks,sbinkser@amazon.com,Portugal,6185-302,21
514,Compressible Packing Cubes,265.35,9/6/2020,533,Hagan Sprowson,hsprowsones@nbcnews.com,Brazil,44900-000,37
356,Avocado Oil Mayo,152.92,8/17/2020,534,Pablo Hosier,phosieret@pcworld.com,Japan,345-0036,38
914,Spicy Hummus,98.55,2/18/2020,535,Brandyn Hellicar,bhellicareu@omniture.com,Brazil,58928-000,56
572,Wall Planner,228.7,9/4/2020,536,Tybie Jagson,tjagsonev@imdb.com,Brazil,14470-000,52
267,High-Speed HDMI Cable,164.41,5/29/2020,537,Shelly Tarborn,starbornew@irs.gov,China,,46
995,Gardening Gloves,450.54,3/5/2020,538,Lotte Fleote,lfleoteex@youku.com,Philippines,4332,27
241,Foldable Picnic Table,160.05,6/2/2020,539,Slade Stilgoe,sstilgoeey@wunderground.com,China,,23
191,Portable Phone Charger,853.08,7/3/2020,540,Remington Brucker,rbruckerez@hexun.com,China,,29
837,Wireless Wi-Fi Extender,706.01,10/1/2020,541,Debby Kenyam,dkenyamf0@mit.edu,New Caledonia,98880,38
217,Sooji (Semolina),480.1,11/17/2020,542,Haleigh Bamforth,hbamforthf1@wisc.edu,Indonesia,,83
482,Waffle Maker,938.16,5/10/2020,543,Edward Josefer,ejoseferf2@senate.gov,Azerbaijan,,37
515,Pet Hair Removal Roller,969.34,9/29/2020,544,Malena Vinter,mvinterf3@opera.com,Russia,404109,43
846,Magic Color-Changing Mug,651.73,1/24/2020,545,Cornelius L'Homme,clhommef4@twitter.com,Peru,,26
249,Shoe Organizer,84.63,6/4/2020,546,Rocky Yosevitz,ryosevitzf5@booking.com,China,,82
924,Frozen Spinach,964.03,9/16/2020,547,Antonius Burgett,aburgettf6@barnesandnoble.com,China,,35
130,Lemon Lime Sparkling Water,142.35,12/20/2020,548,Josefina Reinisch,jreinischf7@techcrunch.com,Ecuador,,22
847,Italian Breadsticks,727.75,8/17/2020,549,Brana Madelin,bmadelinf8@google.it,Uganda,,79
790,Organic Spinach,785.33,5/13/2020,550,Elyse Pimme,epimmef9@list-manage.com,Indonesia,,77
385,Kettle BBQ Grill,642.24,5/23/2020,551,Ryun Anyene,ranyenefa@ucla.edu,Poland,60-763,63
623,Apple Sauce,549.36,8/31/2020,552,Man Fluger,mflugerfb@e-recht24.de,Indonesia,,75
814,Electric Egg Cooker,147.95,11/6/2020,553,Winfield Foulser,wfoulserfc@ed.gov,Brazil,17860-000,40
293,Field Journal,31.92,5/28/2020,554,Brit Redfield,bredfieldfd@squarespace.com,Philippines,6529,79
904,Craft Beer Mustard,400.93,12/16/2020,555,Karine Aizlewood,kaizlewoodfe@drupal.org,Poland,97-350,69
691,Lemon Herb Grilled Chicken,892.34,4/26/2020,556,Monah Heinsh,mheinshff@shinystat.com,Ecuador,,19
466,Athletic Compression Tights,509.45,8/23/2020,557,Donna Barford,dbarfordfg@sitemeter.com,Colombia,473029,48
104,Watercolor Paint Set,619.52,2/27/2020,558,Genna Gierck,ggierckfh@instagram.com,Micronesia,,47
692,Garlic Naan Bread,100.94,10/5/2020,559,Godfry Giurio,ggiuriofi@freewebs.com,China,,57
667,Stainless Steel Grater,332.3,8/26/2020,560,Issie Syers,isyersfj@elegantthemes.com,Albania,,74
491,Vintage Button-Down Shirt,841.53,4/6/2020,561,Arabele Shillitto,ashillittofk@fda.gov,Vietnam,,21
894,Crispy Onion Rings,650.84,12/30/2020,562,Nero Twaite,ntwaitefl@foxnews.com,China,,65
810,Maple Oatmeal,316.28,7/29/2020,563,Danette Prisley,dprisleyfm@bizjournals.com,Canada,L2N,24
782,Portable Air Compressor,17.52,7/26/2020,564,Julie Morena,jmorenafn@wsj.com,Peru,,75
901,Maple Almond Granola,747.16,8/28/2020,565,Anet Lusted,alustedfo@uol.com.br,Ukraine,,78
514,Multi-Cooker,817.52,7/6/2020,566,Lidia Abethell,labethellfp@jalbum.net,Ecuador,,58
197,Organic Green Apples,429.02,11/4/2020,567,Albina Hamper,ahamperfq@reference.com,Russia,366510,27
845,Coconut Curry Sauce,538.01,4/1/2020,568,Ricki Schwandner,rschwandnerfr@shutterfly.com,El Salvador,,55
874,Baking Soda,104.78,1/31/2020,569,Jacinda Binding,jbindingfs@dell.com,Bulgaria,2729,30
387,Wireless Wi-Fi Extender,240.24,9/1/2020,570,Norma Okenden,nokendenft@nih.gov,Philippines,6012,32
593,Insulated Wine Tote,456.94,1/16/2020,571,Hodge Turone,hturonefu@surveymonkey.com,Slovenia,5291,73
251,Silicone Baking Molds,91.13,5/11/2020,572,Aridatha Noe,anoefv@indiegogo.com,Croatia,32225,32
749,Buttermilk Pancakes,231.58,9/10/2020,573,Brand Maykin,bmaykinfw@github.io,China,,30
190,Beach Cover-Up,576.43,8/22/2020,574,Fredrick Swash,fswashfx@hp.com,China,,84
517,Cold Brew Coffee Concentrate,864.45,9/11/2020,575,Arley Dawidowitz,adawidowitzfy@unblog.fr,Uganda,,48
538,Pumpkin Spice Muffins,505.09,6/30/2020,576,Kala Forsyde,kforsydefz@senate.gov,Jordan,,24
573,Fitness Resistance Bands Kit,530.32,12/3/2020,577,Galven Griffitt,ggriffittg0@techcrunch.com,Chile,,27
556,Sesame Seeds,335.0,1/1/2020,578,Heath Slater,hslaterg1@salon.com,Thailand,30110,19
810,Pet Carrier,409.12,12/5/2020,579,Camey Walker,cwalkerg2@netvibes.com,Sweden,171 49,32
748,Almond Quinoa Salad,935.67,2/17/2020,580,Korry Mercey,kmerceyg3@craigslist.org,Brazil,17120-000,33
995,Bamboo Cutting Board Set,821.76,10/17/2020,581,Gennifer McCarrison,gmccarrisong4@pinterest.com,Poland,64-360,63
612,Voice-Controlled Speaker,93.21,3/13/2020,582,Abby Nibloe,anibloeg5@cdbaby.com,Kenya,,76
193,Cheese Stuffed Jalapenos,551.54,10/4/2020,583,Greg Hackforth,ghackforthg6@free.fr,Brazil,26100-000,25
614,Magnetic Chess Set,413.35,5/1/2020,584,Rufus Anders,randersg7@sina.com.cn,Czech Republic,506 01,45
168,Honey Garlic Sauce,194.77,2/12/2020,585,Leslie Harriot,lharriotg8@economist.com,China,,44
462,Classic Caesar Salad Kit,145.93,10/20/2020,586,Cherin Beazer,cbeazerg9@github.io,Indonesia,,68
581,Pocket Blanket,414.86,2/20/2020,587,Garrott Jurisch,gjurischga@huffingtonpost.com,Norway,3193,40
752,Basketball,107.5,3/8/2020,588,Diane-marie Mouget,dmougetgb@home.pl,China,,25
751,Indoor Plants,385.17,11/23/2020,589,Stephanie Symes,ssymesgc@rakuten.co.jp,Vietnam,,34
505,First Aid Kit,26.76,4/21/2020,590,Nonah Lantuff,nlantuffgd@cornell.edu,China,,75
169,Dried Fruit Medley,370.88,11/27/2020,591,Jared Tanzer,jtanzerge@zdnet.com,Indonesia,,62
433,Coconut Curry Lentils,984.25,9/5/2020,592,Oliviero Iron,oirongf@tiny.cc,Bolivia,,63
834,Turkey Bacon,35.82,2/3/2020,593,Ernesta Brandel,ebrandelgg@google.com.au,China,,68
517,Dried Fruit Medley,993.89,3/18/2020,594,Tobie Prevost,tprevostgh@unc.edu,Albania,,43
730,Tahini,552.4,11/10/2020,595,Kirsten Frankland,kfranklandgi@mlb.com,Japan,369-1241,23
982,Potting Soil,418.12,9/20/2020,596,Hadlee Pettet,hpettetgj@indiatimes.com,Indonesia,,65
998,Almond Joy Bars,167.72,8/5/2020,597,Torre Dodswell,tdodswellgk@illinois.edu,Philippines,7202,49
115,Coconut Curry Chicken,377.69,12/16/2020,598,Lacey Kynett,lkynettgl@blinklist.com,Philippines,1017,62
235,Car Emergency Kit,202.01,9/27/2020,599,Gerianna Fitzsymons,gfitzsymonsgm@bandcamp.com,Colombia,175007,85
297,Banana Nut Oatmeal Cups,399.55,1/22/2020,600,Darwin Senter,dsentergn@creativecommons.org,Colombia,191569,52
815,Maple Oatmeal,237.9,7/18/2020,601,Leesa Profit,lprofitgo@barnesandnoble.com,Japan,969-6142,54
801,Garden Hose Reel,401.64,8/29/2020,602,Chere Waszczykowski,cwaszczykowskigp@discovery.com,Thailand,66110,84
924,Almond Flour Cookies,509.23,5/9/2020,603,Jaclyn Cheavin,jcheavingq@si.edu,Philippines,2509,23
382,Garden Tool Set,106.67,6/20/2020,604,Gerek Reppaport,greppaportgr@altervista.org,Indonesia,,72
800,Wireless Earbuds,284.88,10/4/2020,605,Melvin Charge,mchargegs@buzzfeed.com,Mexico,92773,21
286,Red Lentil Pasta,225.83,9/7/2020,606,Annamarie Balloch,aballochgt@ifeng.com,Sweden,545 35,48
670,Pet Travel Backpack Carrier,81.96,11/30/2020,607,Ertha Tight,etightgu@oakley.com,Japan,319-1559,22
461,Oven-Baked Parmesan Zucchini,764.78,7/4/2020,608,Aeriel Fache,afachegv@miitbeian.gov.cn,Czech Republic,592 55,83
230,Herb Drying Rack,890.24,4/24/2020,609,Padriac Sayes,psayesgw@accuweather.com,Indonesia,,58
665,Almond Flour Pancake Mix,857.72,7/3/2020,610,Elia Borkett,eborkettgx@360.cn,Japan,999-8316,55
957,Outdoor Inflatable Pool,192.6,6/19/2020,611,Dian Acedo,dacedogy@pcworld.com,China,,42
132,Savory Oatmeal,360.94,9/10/2020,612,Beilul Muirhead,bmuirheadgz@earthlink.net,United States,10184,70
324,Fruit and Nut Medley,79.4,5/5/2020,613,Genni Ramiro,gramiroh0@github.com,Sweden,703 64,31
903,Customizable Photo Calendar,18.89,1/30/2020,614,Cob Rodnight,crodnighth1@squarespace.com,China,,42
132,Lemon Zest Olive Oil,235.25,6/18/2020,615,Estella Prudence,eprudenceh2@1und1.de,Philippines,6513,70
916,Californian Raisins,769.44,2/5/2020,616,Almeta Quernel,aquernelh3@amazon.de,Portugal,6060-089,31
778,Vegetable Fried Rice,995.35,6/28/2020,617,Carine Bewley,cbewleyh4@bigcartel.com,Canada,N9V,58
945,Bamboo Utensil Set,449.02,1/11/2020,618,Tudor MacAless,tmacalessh5@spotify.com,China,,46
960,Instant Camera,277.91,7/8/2020,619,Warner Pinnegar,wpinnegarh6@livejournal.com,Ukraine,,45
864,Sliced Olives,853.52,10/5/2020,620,Fay Donoghue,fdonoghueh7@gnu.org,China,,31
479,Gluten-Free Brownies,440.6,8/29/2020,621,Octavia Kobelt,okobelth8@devhub.com,Namibia,,26
107,Chipotle Lime Salsa,635.45,11/4/2020,622,Myrwyn Buncher,mbuncherh9@dell.com,Iran,,35
451,Garden Vegetable Soup,620.09,4/8/2020,623,Gerry MacAree,gmacareeha@odnoklassniki.ru,Croatia,23226,46
461,Kids' Outdoor Explorer Kit,741.29,3/21/2020,624,Ulberto McGaw,umcgawhb@ameblo.jp,Mexico,39271,36
416,Italian Pasta,505.7,12/1/2020,625,Ulrike Cookes,ucookeshc@slideshare.net,France,51715 CEDEX,48
374,Bluetooth Headphones,586.35,10/29/2020,626,Domini Coultass,dcoultasshd@irs.gov,Democratic Republic of the Congo,,79
506,Soft Plush Throw Blanket,95.11,8/15/2020,627,Thacher Crouch,tcrouchhe@jugem.jp,Uzbekistan,,57
184,Pineapple Teriyaki Chicken Mix,802.61,10/26/2020,628,Skyler Takle,staklehf@webeden.co.uk,Ukraine,,23
832,Coconut Curry Lentils,426.97,9/10/2020,629,Alissa Alyukin,aalyukinhg@unc.edu,Somalia,,42
680,Vintage Graphic Tee,95.5,8/30/2020,630,Grover Strauss,gstrausshh@scientificamerican.com,France,26029 CEDEX,22
119,DIY Candle Making Kit,826.52,5/18/2020,631,Madlin Mossdale,mmossdalehi@google.pl,China,,83
255,Cherry Almond Protein Bar,676.13,6/19/2020,632,Angela Dermot,adermothj@cdc.gov,Philippines,7020,72
374,Classic Beef Chili,221.73,1/21/2020,633,Lorilee Sheryn,lsherynhk@npr.org,Afghanistan,,42
157,Collapsible Folding Chair,717.91,9/3/2020,634,Herman Rollingson,hrollingsonhl@cmu.edu,North Korea,,49
194,Granola Bars,826.6,5/9/2020,635,Klement Giorgetti,kgiorgettihm@baidu.com,France,67029 CEDEX 1,32
567,Halloween Decoration Set,391.51,7/19/2020,636,Chevy Phelipeau,cphelipeauhn@acquirethisname.com,Colombia,478067,68
377,Children's Gardening Set,597.13,4/16/2020,637,Joshia Oxterby,joxterbyho@craigslist.org,Philippines,7114,58
883,Veggie Chips Variety Pack,558.67,11/5/2020,638,Delphine Brauninger,dbrauningerhp@psu.edu,Poland,34-382,72
336,Ice Cream,842.67,7/13/2020,639,Daisi Sisey,dsiseyhq@paginegialle.it,Azerbaijan,,73
969,Chipotle Sauce,744.93,6/22/2020,640,Whitaker Maryin,wmaryinhr@indiatimes.com,Indonesia,,47
766,Home Brewing Starter Kit,893.11,1/16/2020,641,Karlik Burgan,kburganhs@t.co,China,,44
358,LED Desk Lamp with USB Charging Port,606.61,7/20/2020,642,Hyacinthe Malthus,hmalthusht@senate.gov,Indonesia,,37
670,French Onion Dip,194.42,3/18/2020,643,Ganny Rollo,grollohu@topsy.com,France,49010 CEDEX 01,47
916,Digital Voice Recorder,712.69,10/18/2020,644,Legra Bugdale,lbugdalehv@samsung.com,Norway,7737,31
766,Cranberry Pecan Granola,74.06,9/8/2020,645,Carleton Gonthard,cgonthardhw@digg.com,Brazil,55385-000,76
869,Pizza Stone,325.93,3/23/2020,646,Aili Petrulis,apetrulishx@google.it,Philippines,3813,75
222,Adjustable Stand for Tablets and Smartphones,134.76,11/19/2020,647,Christi Norsister,cnorsisterhy@soundcloud.com,Poland,99-306,42
190,Waterproof Rain Boots,351.75,3/24/2020,648,Archambault Reary,arearyhz@cafepress.com,United States,32891,83
457,Organic Cucumber,769.16,4/5/2020,649,Shayna Grellis,sgrellisi0@bbc.co.uk,Russia,346530,78
472,Fresh Strawberries,295.21,7/2/2020,650,Tait Birkhead,tbirkheadi1@delicious.com,Sweden,392 30,62
668,Wireless Car Charger,614.99,11/6/2020,651,Kahlil Duchant,kduchanti2@google.com.hk,Peru,,25
746,Portable Camping Shower,295.85,3/17/2020,652,Bernadene Catlette,bcatlettei3@hexun.com,China,,23
841,Peanut Butter Protein Balls,841.53,11/21/2020,653,Tally Bissatt,tbissatti4@ezinearticles.com,France,78718 CEDEX,83
894,Rechargeable Hand Warmer,394.18,3/16/2020,654,Cesar Etherington,cetheringtoni5@imgur.com,China,,24
731,Laptop Backpack,811.03,11/4/2020,655,Kincaid Oki,kokii6@feedburner.com,China,,53
619,High-Pressure Handheld Shower Head,493.4,9/2/2020,656,Krysta Amorts,kamortsi7@yandex.ru,Russia,301259,63
898,Portable Ice Maker,146.16,5/22/2020,657,Alasteir Bicker,abickeri8@parallels.com,Venezuela,,42
819,Mini Projector for Smartphones,166.96,4/13/2020,658,Moyna Cops,mcopsi9@vinaora.com,Panama,,74
688,Halloween Decoration Set,169.83,7/2/2020,659,Iain Braidford,ibraidfordia@dion.ne.jp,Cameroon,,43
810,Spicy Tuna Salad,219.02,9/12/2020,660,Rosita Hambridge,rhambridgeib@goo.ne.jp,Mexico,51372,62
739,Whole Chicken,377.99,5/25/2020,661,Rich Crummay,rcrummayic@mozilla.com,Russia,678831,18
492,Frozen Salmon Filets,496.2,11/22/2020,662,Talyah Toner,ttonerid@about.com,Japan,574-0072,63
551,Suede Ankle Booties,583.8,8/18/2020,663,Saunder Shorte,sshorteie@tuttocitta.it,Sweden,531 85,45
960,Scented Soy Candles,470.0,3/30/2020,664,Happy Yve,hyveif@google.ca,Indonesia,,69
711,Smart Water Bottle,315.52,1/17/2020,665,Barnabe Franklyn,bfranklynig@discovery.com,Honduras,,35
381,Strawberry Fruit Spread,705.0,5/14/2020,666,Marabel Morrallee,mmorralleeih@nasa.gov,Zambia,,50
682,Cotton Quilted Throw Blanket,540.51,5/18/2020,667,Peyter Casemore,pcasemoreii@quantcast.com,China,,42
912,Pear and Gorgonzola Salad,573.07,4/28/2020,668,Osborne Margeram,omargeramij@miibeian.gov.cn,Ireland,P12,72
899,Almond Flour Cookies,177.15,5/27/2020,669,Mirabelle Arbon,marbonik@ox.ac.uk,Sierra Leone,,63
885,Vegan Chickpea Salad,40.21,1/19/2020,670,Terrie Heigho,theighoil@yahoo.com,Indonesia,,42
409,Bluetooth Tracker,902.43,9/20/2020,671,Angela Rugge,aruggeim@nytimes.com,China,,56
694,Blender Bottle,257.77,6/10/2020,672,Tim Cunniam,tcunniamin@fotki.com,Norway,8029,41
662,Dried Fruit Medley,736.85,1/14/2020,673,Vincenty Conkey,vconkeyio@icio.us,Iran,,41
547,Puzzle 3D Model Kit,200.11,7/24/2020,674,Steve Govern,sgovernip@usnews.com,China,,49
831,Pet Carrier,185.0,3/25/2020,675,Swen Kelby,skelbyiq@hostgator.com,Philippines,9216,61
668,Pet Travel Carrier,484.37,7/17/2020,676,Hector Denidge,hdenidgeir@columbia.edu,Madagascar,,46
480,Wall Art,90.99,3/16/2020,677,Justin Paprotny,jpaprotnyis@weebly.com,Czech Republic,411 12,41
231,Jalapeo Cornbread,919.28,9/19/2020,678,Jany Assard,jassardit@4shared.com,Nigeria,,70
755,Classic Cheeseburger Mix,443.81,10/20/2020,679,Sindee Ennever,senneveriu@flavors.me,Croatia,51219,62
129,Marinara Parmesan Baked Ziti,129.22,10/8/2020,680,Sheba Fance,sfanceiv@drupal.org,Albania,,74
819,Vegetarian Chili,394.6,4/19/2020,681,Vannie Lappin,vlappiniw@ox.ac.uk,Indonesia,,25
477,Mango Chia Pudding,525.12,1/4/2020,682,Raddie Alexsandrovich,ralexsandrovichix@cocolog-nifty.com,Philippines,5046,40
400,Herbal Garden Starter Kit,112.55,2/27/2020,683,Paulette Arrigucci,parrigucciiy@yahoo.com,Cuba,,74
879,Adjustable Resistance Bands,711.18,10/29/2020,684,Vale Whoolehan,vwhoolehaniz@illinois.edu,Indonesia,,57
461,Digital Voice Recorder,534.95,7/5/2020,685,Lacey Keavy,lkeavyj0@narod.ru,China,,28
242,Gardening Gloves with Claws,182.07,8/5/2020,686,Patty Gasker,pgaskerj1@omniture.com,Brazil,29560-000,50
402,Electric Food Slicer,536.0,12/4/2020,687,Eldridge Malyon,emalyonj2@go.com,China,,77
139,Avocados,154.76,11/30/2020,688,Giuditta Rapin,grapinj3@mapquest.com,Niger,,42
131,Asian Stir-Fry Vegetables,972.28,6/18/2020,689,Laughton Davidge,ldavidgej4@yellowpages.com,Russia,665212,41
592,Tailgating Set,335.78,4/25/2020,690,Vitia Smy,vsmyj5@odnoklassniki.ru,United States,70505,84
179,Bluetooth Headphones,241.76,11/25/2020,691,Horatius Amort,hamortj6@cnbc.com,China,,43
924,Kids' STEM Robotics Kit,166.3,12/2/2020,692,Annabell Laidlaw,alaidlawj7@mail.ru,Brazil,86390-000,77
188,Travel Eye Mask with Ear Plugs,372.29,4/26/2020,693,Claudian Heustice,cheusticej8@amazon.de,Canada,R3J,26
255,Tomato Paste,263.9,10/17/2020,694,Donnie McAllester,dmcallesterj9@merriam-webster.com,China,,82
942,Rechargeable Electric Toothbrush,837.27,8/23/2020,695,Romonda Medmore,rmedmoreja@geocities.jp,Portugal,8700-156,36
501,Portable Phone Charger,942.41,12/15/2020,696,Spence Desantis,sdesantisjb@free.fr,China,,24
762,Water Bottle with Built-in Fruit Infuser,658.51,8/29/2020,697,Domeniga Manoelli,dmanoellijc@trellian.com,Philippines,4023,49
174,Vegetable Samosas,906.01,4/27/2020,698,Cosetta Goode,cgoodejd@livejournal.com,China,,49
537,Frozen Acai Bowl,848.29,2/14/2020,699,Ofilia Gammack,ogammackje@sbwire.com,Japan,289-3182,32
394,Classic Pumps,982.96,8/26/2020,700,Maryjane Claughton,mclaughtonjf@usnews.com,Poland,86-230,29
903,Honey Butter Popcorn,701.51,12/4/2020,701,Carlyn Leipoldt,cleipoldtjg@redcross.org,Ukraine,,46
358,Ethical Wool Scarf,123.05,10/19/2020,702,Sherie Baudouin,sbaudouinjh@omniture.com,Ukraine,,40
792,Personal Blender with Cups,960.12,7/16/2020,703,Roseanne Lewsley,rlewsleyji@etsy.com,Philippines,9003,81
213,Honeycrisp Apple Chips,410.42,6/19/2020,704,Nathanial Borit,nboritjj@free.fr,Poland,64-140,37
165,Apple Sauce,45.78,12/29/2020,705,Tammie Sink,tsinkjk@blog.com,Indonesia,,21
441,Vegetable and Cheese Quesadillas,405.92,12/9/2020,706,Elisha Kerry,ekerryjl@wp.com,China,,37
426,Gardening Fairy Figurines,24.34,7/6/2020,707,Gregg Duckering,gduckeringjm@gravatar.com,Indonesia,,52
786,Noise Reduction Headphones,564.84,2/9/2020,708,Mame Guichard,mguichardjn@engadget.com,United States,68517,78
984,Personal Blender with Travel Lid,205.86,12/26/2020,709,Eran Hansod,ehansodjo@dagondesign.com,Indonesia,,27
622,Ginger Tea,187.02,9/28/2020,710,Aldin Figgen,afiggenjp@pinterest.com,Indonesia,,79
481,Athletic Sports Bra,624.72,10/3/2020,711,Eleanor Stolting,estoltingjq@house.gov,Brazil,49200-000,84
522,Baked Mac and Cheese,792.93,7/7/2020,712,Reuven Dunrige,rdunrigejr@youku.com,Peru,,51
363,Cranberry Lime Sparkling Water,319.32,8/24/2020,713,Cesaro Keesman,ckeesmanjs@ucla.edu,Gambia,,68
868,Microfiber Cleaning Cloths,189.07,2/14/2020,714,Andy Brockhouse,abrockhousejt@hhs.gov,Indonesia,,34
978,Eco-Friendly Stainless Steel Straws,975.56,4/25/2020,715,Pietrek Thody,pthodyju@cbslocal.com,Argentina,4726,83
401,Ice Cube Tray with Lid,75.15,5/6/2020,716,Emelia Draycott,edraycottjv@dot.gov,China,,39
600,Art Supplies Organizer,148.28,12/6/2020,717,Inge Cudworth,icudworthjw@google.ru,China,,22
575,Maple Almond Yogurt,105.65,2/1/2020,718,Camala Wysome,cwysomejx@amazon.de,Russia,423371,81
640,Organic Quinoa Chips,249.28,1/29/2020,719,Carole Kiossel,ckiosseljy@123-reg.co.uk,Indonesia,,19
462,Pepper Jack Cheese Sticks,608.8,12/23/2020,720,Eveline Flury,efluryjz@wordpress.org,China,,36
533,Oven-Baked Parmesan Zucchini,698.08,10/27/2020,721,Sander Curling,scurlingk0@mit.edu,Mali,,46
286,Car Escape Tool,703.32,10/25/2020,722,Earle Shere,esherek1@mlb.com,Pakistan,65011,71
360,Mini Fondue Set,359.36,5/25/2020,723,Casie Beeres,cbeeresk2@dailymail.co.uk,Sweden,466 92,29
129,Cheddar Cheese Slices,584.57,2/8/2020,724,Erskine Kwiek,ekwiekk3@wisc.edu,Indonesia,,44
539,Puzzle Mat,24.04,2/5/2020,725,Melvyn Denacamp,mdenacampk4@cdc.gov,Sweden,593 30,43
970,Granulated Sugar,353.14,8/19/2020,726,Far Broomhead,fbroomheadk5@yelp.com,Bosnia and Herzegovina,,52
616,Ready-to-Eat Chili,778.64,5/3/2020,727,Elroy Whittlesea,ewhittleseak6@salon.com,Colombia,081067,30
342,Customizable Name Puzzle,139.89,4/23/2020,728,Meredith Batkin,mbatkink7@marriott.com,Indonesia,,57
266,Solar Charger,989.96,6/4/2020,729,Meridith Ryal,mryalk8@clickbank.net,Philippines,9715,44
655,Hand Mixer,606.96,10/21/2020,730,Corbin Licence,clicencek9@rediff.com,Paraguay,,29
624,Personal Blender with Travel Cup,155.2,4/22/2020,731,Nannette Jannequin,njannequinka@hibu.com,New Zealand,0794,73
337,Digital Wireless Meat Thermometer,883.19,10/28/2020,732,Gerhard Ethridge,gethridgekb@dmoz.org,France,62247 CEDEX,80
627,Pepperoni Pizza Rolls,412.49,4/30/2020,733,Jerry Manuaud,jmanuaudkc@reverbnation.com,Czech Republic,438 01,19
685,Hummus Variety Pack,827.67,10/19/2020,734,Marline Stabbins,mstabbinskd@taobao.com,China,,38
902,Comfortable Bed Pillow,554.21,6/2/2020,735,Cassey Indge,cindgeke@topsy.com,China,,62
158,Ramen Noodles,920.93,2/16/2020,736,Serene Filipson,sfilipsonkf@booking.com,Poland,42-262,47
660,Decorative Throw Pillows,99.16,7/13/2020,737,Elladine Keward,ekewardkg@omniture.com,Jamaica,,51
990,Customizable Wall Calendar,570.02,9/21/2020,738,Babbette Trymme,btrymmekh@irs.gov,Indonesia,,74
314,Caramel Sauce,245.11,6/8/2020,739,Aline Fasse,afasseki@nba.com,France,57155,79
410,Sketchbook,230.18,2/12/2020,740,Carmine Carlton,ccarltonkj@jiathis.com,Philippines,4324,28
331,Fried Rice,456.84,8/22/2020,741,Hilliard Crosier,hcrosierkk@yandex.ru,Argentina,4423,82
969,3D Night Light,254.22,6/9/2020,742,Dale Sewley,dsewleykl@spotify.com,Poland,77-304,47
392,Cheddar Cheese Crackers,930.12,9/8/2020,743,Michaeline Dugmore,mdugmorekm@mlb.com,Albania,,43
642,Camping Chair with Cooler,147.75,9/2/2020,744,Bernadine Shilstone,bshilstonekn@purevolume.com,Argentina,7223,71
317,Savory Oatmeal,915.51,9/7/2020,745,Petronella Luggar,pluggarko@wikimedia.org,Colombia,152429,57
990,Adjustable Laptop Desk,752.68,6/15/2020,746,Charity Markie,cmarkiekp@omniture.com,China,,48
931,Maple Almond Butter,545.62,7/25/2020,747,Piper Bello,pbellokq@weibo.com,Bosnia and Herzegovina,,85
959,Honey Garlic Shrimp,583.49,9/5/2020,748,Issy Hebburn,ihebburnkr@yale.edu,Honduras,,54
441,Slim Wallet,310.01,11/27/2020,749,Fons Stuttard,fstuttardks@e-recht24.de,Colombia,704057,81
428,Honeycrisp Apple Chips,157.31,12/3/2020,750,Mill Sheeran,msheerankt@list-manage.com,Indonesia,,53
455,Sliced Provolone Cheese,300.03,8/26/2020,751,Kylynn Mallam,kmallamku@slate.com,China,,32
548,Classic Pesto Sauce,698.99,7/14/2020,752,Sarita Drewery,sdrewerykv@bravesites.com,Nigeria,,39
590,Basil-infused Olive Oil,494.62,9/21/2020,753,Kaela Merali,kmeralikw@businessweek.com,Philippines,2443,32
917,Smartphone Photography Tripod,570.92,11/9/2020,754,Marina Piesold,mpiesoldkx@nba.com,Tunisia,,33
993,Creamy Tomato Basil Soup,920.71,5/1/2020,755,Shane Barlthrop,sbarlthropky@trellian.com,China,,36
198,Scented Candle Set,906.81,2/19/2020,756,Liuka McGivena,lmcgivenakz@who.int,Brazil,06800-000,44
710,Peach Salsa,570.33,11/25/2020,757,Ephrayim Newell,enewelll0@forbes.com,Russia,901993,67
958,Acoustic Guitar,800.2,6/12/2020,758,Rawley Crippell,rcrippelll1@bbc.co.uk,Vietnam,,56
427,Italian Sausage and Peppers,558.52,1/18/2020,759,Brok Ellse,bellsel2@vistaprint.com,Portugal,4930-345,74
835,Self-Cleaning Cat Litter Box,470.99,10/8/2020,760,Minnaminnie Ortiga,mortigal3@hostgator.com,China,,24
517,LED Strip Lights,615.0,11/3/2020,761,Alwin Albin,aalbinl4@admin.ch,Sweden,135 55,78
266,Vegetable Chips,97.18,9/24/2020,762,Edna Strowthers,estrowthersl5@harvard.edu,Indonesia,,27
632,Raspberry Lemonade Mix,104.63,1/14/2020,763,Laurence Wainscot,lwainscotl6@woothemes.com,Argentina,4405,80
621,Cheese Stuffed Jalapenos,115.6,11/22/2020,764,Tucky MacKibbon,tmackibbonl7@guardian.co.uk,Peru,,51
844,Children's Science Experiment Lab Kit,577.01,5/27/2020,765,Yance Scibsey,yscibseyl8@jalbum.net,Serbia,,21
828,Travel Mug with Leak-Proof Lid,989.68,6/15/2020,766,Elsbeth Hiscoke,ehiscokel9@indiatimes.com,Egypt,,26
143,Garlic Herb Grilled Chicken,373.91,2/28/2020,767,Timothee Ives,tivesla@cafepress.com,Argentina,8536,38
127,Chili Con Carne Mix,379.67,9/28/2020,768,Brennan Jervis,bjervislb@springer.com,Philippines,4607,47
197,Sporty Cap,519.96,7/9/2020,769,Naoma Du Fray,ndulc@ow.ly,Tunisia,,28
774,Instant Camera,35.96,2/10/2020,770,Berenice Osgar,bosgarld@chronoengine.com,China,,77
354,Self-Cleaning Cat Litter Box,613.58,1/26/2020,771,Clio Janusz,cjanuszle@woothemes.com,Argentina,4142,85
892,Dog Training Clicker,790.0,5/24/2020,772,Gertruda Marjanovic,gmarjanoviclf@deliciousdays.com,Japan,379-2314,50
222,Colorful Post-It Notes Set,640.47,12/2/2020,773,Toby Beauchamp,tbeauchamplg@sphinn.com,Armenia,,31
237,Pumpkin Spice Muffins,94.87,2/23/2020,774,Keeley Sapsford,ksapsfordlh@spiegel.de,South Korea,,81
312,Baked Falafel,20.96,2/29/2020,775,Samuele Coode,scoodeli@spotify.com,China,,85
175,Spicy Tuna Rolls,936.3,8/10/2020,776,Neda Joinsey,njoinseylj@smugmug.com,Dominican Republic,10510,26
490,Handheld Shower Head,863.1,1/2/2020,777,Osbert Swindles,oswindleslk@cbslocal.com,Russia,423555,58
281,Crispy Tofu Bites,304.75,2/3/2020,778,Christoph Ovens,covensll@japanpost.jp,Poland,37-610,59
289,Handcrafted Wooden Jewelry Box,955.21,9/16/2020,779,Fulton Mines,fmineslm@ucoz.ru,Venezuela,,62
537,Protein Powder,374.99,7/5/2020,780,Quentin Wilfing,qwilfingln@yelp.com,Ukraine,,46
664,Weighted Blanket,263.87,5/13/2020,781,Claudio Wynrehame,cwynrehamelo@businessweek.com,Indonesia,,33
135,Adjustable Pet Grooming Table,210.7,12/26/2020,782,Carmina Honnan,chonnanlp@house.gov,China,,78
771,Vegetable Stir-Fry Sauce,913.56,4/10/2020,783,Israel Asch,iaschlq@drupal.org,Ukraine,,50
142,Organic Italian Seasoning,195.74,1/9/2020,784,Lyndsey Mouton,lmoutonlr@timesonline.co.uk,Argentina,8307,58
587,Brazil Nuts,609.85,1/24/2020,785,Wesley Glenwright,wglenwrightls@pcworld.com,China,,25
235,Pineapple Rings,259.79,4/25/2020,786,Hoebart Leband,hlebandlt@ed.gov,Honduras,,51
478,Handheld Shower Head,617.4,1/15/2020,787,Gena Linde,glindelu@webmd.com,Russia,186810,36
784,Pet First Aid Kit,876.99,12/10/2020,788,Geri Chard,gchardlv@1688.com,Greece,,56
867,Inflatable Party Cooler,441.11,12/7/2020,789,Johna Beament,jbeamentlw@accuweather.com,Philippines,8117,26
707,Rainbow Veggie Chips,598.38,10/29/2020,790,Christiana Bonham,cbonhamlx@e-recht24.de,China,,57
860,Tofu,454.14,4/15/2020,791,Clayborn Celli,ccellily@mozilla.org,China,,19
494,Watering Can with Nozzle,325.23,2/1/2020,792,Melicent Bonson,mbonsonlz@twitpic.com,Vietnam,,52
857,Portable Pet Bathing Tool,371.58,10/1/2020,793,Norris Luchelli,nluchellim0@thetimes.co.uk,China,,62
121,Wireless HDMI Receiver,475.0,2/13/2020,794,Martina Lissemore,mlissemorem1@upenn.edu,China,,68
883,Smartphone Tripod,273.06,6/18/2020,795,Isabella Mc Coughan,imcm2@time.com,Gambia,,73
486,Wireless Car Charger,365.87,7/6/2020,796,Dougy Perulli,dperullim3@who.int,Portugal,2540-593,75
430,Coconut Rice,656.5,6/4/2020,797,Peirce Gasker,pgaskerm4@spotify.com,Indonesia,,57
412,Vegetable Curry,549.57,4/23/2020,798,Bell Willder,bwillderm5@vinaora.com,Saint Kitts and Nevis,,33
672,DIY Candle Kit,983.77,4/9/2020,799,Heidie Kryska,hkryskam6@mapquest.com,Indonesia,,83
758,Zucchini Noodles,372.65,1/28/2020,800,Marylin Mussilli,mmussillim7@loc.gov,China,,36
481,Classic Black Trousers,7.89,11/29/2020,801,Bourke Melonby,bmelonbym8@seattletimes.com,China,,49
988,Portable Jump Starter,803.69,3/20/2020,802,Addy Seward,asewardm9@mac.com,China,,39
773,Utility Cargo Pants,55.42,5/15/2020,803,Emma Counter,ecounterma@unicef.org,France,62193 CEDEX,69
102,Smart Home Hub,533.87,3/17/2020,804,Allyson Petzold,apetzoldmb@scribd.com,Samoa,,61
507,Cinnamon Roll Dough,709.26,11/9/2020,805,Nikolaus Fattore,nfattoremc@amazonaws.com,China,,20
493,Organic Baby Spinach,489.81,7/25/2020,806,Ebeneser Skeleton,eskeletonmd@edublogs.org,Sweden,580 07,78
356,Cabbage,558.82,1/15/2020,807,Derk Bastick,dbastickme@oakley.com,Indonesia,,52
236,Miso Soup Starter,851.07,7/13/2020,808,Garwin Figgures,gfigguresmf@mapy.cz,Portugal,2250-325,31
219,Graphic Print Leggings,695.44,2/10/2020,809,Collete Bollum,cbollummg@digg.com,South Africa,4399,66
448,Balsamic Salad Dressing,493.47,10/21/2020,810,Rosa Swinfon,rswinfonmh@omniture.com,Ethiopia,,75
940,Rustic Italian Breads,255.51,11/21/2020,811,Paten Millen,pmillenmi@reverbnation.com,Uruguay,,84
767,Truffle Parmesan Fries,560.21,3/27/2020,812,Stan Barrat,sbarratmj@imdb.com,Russia,352808,76
230,Ethically-Sourced Coffee Beans,895.81,11/9/2020,813,Kenny Nicely,knicelymk@globo.com,Portugal,2630-115,53
940,Roasted Red Pepper Dip,424.49,10/3/2020,814,Elyn Nesey,eneseyml@theatlantic.com,Poland,21-306,80
161,Almond Joy Snack Bars,967.38,12/28/2020,815,Cazzie Give,cgivemm@chron.com,Croatia,31225,68
155,Luxury Bath Robe,275.87,4/16/2020,816,Gloria Marking,gmarkingmn@intel.com,Portugal,3070-125,38
673,Chocolate Peanut Butter Cups,776.14,7/3/2020,817,Valida Brabbins,vbrabbinsmo@psu.edu,Greece,,31
105,Aeropress Coffee Maker,158.91,5/5/2020,818,Kendall Panas,kpanasmp@prweb.com,Russia,659607,61
759,Cauliflower Crust Pizza,479.53,10/18/2020,819,Towny Hewins,thewinsmq@wp.com,China,,30
670,Hot Dog Buns,707.39,1/13/2020,820,Oliviero Linfoot,olinfootmr@wsj.com,Philippines,3403,70
335,Greek Yogurt Parfait,635.87,1/20/2020,821,Leonidas Pearlman,lpearlmanms@webs.com,Philippines,3201,49
216,Curried Lentil Salad,537.38,6/6/2020,822,Erin Ivens,eivensmt@reference.com,United States,19146,29
510,Pasta Salad Kit,9.25,1/15/2020,823,Garey Robottom,grobottommu@harvard.edu,Philippines,3707,26
554,Scented Soy Candles,438.63,12/3/2020,824,Upton Asaaf,uasaafmv@weebly.com,Latvia,,39
216,Coconut Cream,359.83,9/22/2020,825,Hansiain Halgarth,hhalgarthmw@reference.com,Russia,665683,49
321,Insulated Cooler,649.79,3/9/2020,826,Parker Pinilla,ppinillamx@salon.com,Guatemala,22004,31
420,Fitness Balance Ball,980.79,11/30/2020,827,Gilles Latan,glatanmy@joomla.org,Serbia,,84
594,Chickpea Pancakes,208.12,11/13/2020,828,Germaine Gore,ggoremz@youtube.com,China,,65
482,Chocolate Hazelnut Spread,475.16,9/4/2020,829,Nessi Juden,njudenn0@biglobe.ne.jp,Nicaragua,,79
267,Almond Flour Bread Mix,540.87,3/10/2020,830,Tobye Colquit,tcolquitn1@360.cn,Indonesia,,30
202,Honey Mustard Sauce,659.7,10/16/2020,831,Pebrook Peel,ppeeln2@sun.com,Hungary,1136,20
882,Electric Butter Churn,95.52,10/22/2020,832,Hilde Cregan,hcregann3@webmd.com,Nigeria,,18
557,Hair Dryer,606.92,5/2/2020,833,Sheryl MacRitchie,smacritchien4@dot.gov,Greece,,19
651,Pineapple Teriyaki Chicken Mix,659.35,2/4/2020,834,Yehudi Rooson,yroosonn5@cloudflare.com,Macedonia,1440,44
705,Fruit and Nut Energy Bites,713.7,11/10/2020,835,Merralee Gecke,mgecken6@psu.edu,Japan,356-0024,58
158,Bamboo Charcoal Air Purifier Bags,149.48,8/2/2020,836,Perry Casoni,pcasonin7@studiopress.com,Morocco,,37
442,Nutty Trail Mix,937.48,4/7/2020,837,Vanni Tween,vtweenn8@soup.io,Ukraine,,54
271,Multi-Tool,516.91,9/19/2020,838,Albertina Whotton,awhottonn9@symantec.com,Poland,18-411,27
458,Breathable Face Mask Set,692.14,9/9/2020,839,Antoni McWhorter,amcwhorterna@twitpic.com,China,,23
321,Reclining Camping Chair,677.75,3/26/2020,840,Lincoln Tolemache,ltolemachenb@imgur.com,Uganda,,63
435,Motorcycle Phone Mount,280.09,11/1/2020,841,Rouvin Skym,rskymnc@gov.uk,Poland,18-411,53
686,Italian Meatballs,773.54,8/11/2020,842,Darin McDuffy,dmcduffynd@usgs.gov,Morocco,,74
305,Chilli Lime Corn on the Cob,84.72,11/27/2020,843,Stanfield Zecchii,szecchiine@constantcontact.com,United States,35263,38
136,Peanut Butter,657.84,6/8/2020,844,Marten Letixier,mletixiernf@unicef.org,Nigeria,,66
835,Weighted Jump Rope with Counter,788.81,6/8/2020,845,Katharina Jobes,kjobesng@youtu.be,Poland,24-224,52
575,Mesh Sports Leggings,35.01,2/2/2020,846,Chantalle Swetland,cswetlandnh@jalbum.net,Panama,,43
310,Dog Training Clicker,376.39,8/24/2020,847,Seward Slad,ssladni@umn.edu,Germany,10409,51
845,Portable Air Conditioner,498.87,12/27/2020,848,Katalin Rispin,krispinnj@i2i.jp,United States,89135,26
518,Sweet Potatoes,783.81,9/12/2020,849,Christina Buesden,cbuesdennk@umn.edu,China,,30
189,Chocolate Chip Cookie Dough,154.9,8/16/2020,850,Briny Gerrish,bgerrishnl@wunderground.com,China,,69
651,Instant Mashed Potatoes,533.53,12/14/2020,851,Meryl Gell,mgellnm@stumbleupon.com,Bangladesh,5430,51
509,Smartphone Car Mount with Wireless Charging,135.79,4/1/2020,852,Ardine Jiran,ajirannn@npr.org,Norway,0323,72
822,Rain Jacket,187.22,11/22/2020,853,Hendrika Plante,hplanteno@dropbox.com,Honduras,,41
348,Outdoor Inflatable Pool,50.89,1/26/2020,854,Corney Edgington,cedgingtonnp@google.com.hk,Indonesia,,37
525,Personal Safety Alarm,202.7,11/4/2020,855,Fletch Tester,ftesternq@lycos.com,Mexico,63174,34
808,Chia Seeds,966.18,10/22/2020,856,Pippa Downing,pdowningnr@deviantart.com,Bulgaria,5049,52
147,Emergency Preparedness Kit,287.02,5/27/2020,857,Kaylee Barlthrop,kbarlthropns@slate.com,China,,40
446,Memory Foam Mattress Pad,641.78,5/4/2020,858,Timmie Klimpke,tklimpkent@huffingtonpost.com,Czech Republic,549 01,50
186,Cheddar Cheese Slices,429.34,5/18/2020,859,Marieann Noraway,mnorawaynu@harvard.edu,Philippines,7300,20
580,Puzzle 3D Model Kit,652.83,2/20/2020,860,Dulcia Bigglestone,dbigglestonenv@blogs.com,France,94409 CEDEX,66
438,Wireless Earbuds,667.83,11/23/2020,861,Clemmy Guerrero,cguerreronw@jigsy.com,United States,19191,31
859,Baked Falafel,621.97,2/16/2020,862,Bernadene Mulliss,bmullissnx@home.pl,Philippines,3503,24
776,Compact Hair Dryer,10.62,10/1/2020,863,Kathrine Seignior,kseigniorny@addthis.com,China,,19
258,Handheld Vacuum,305.53,4/24/2020,864,Raye Roggeman,rroggemannz@4shared.com,Kosovo,,60
799,Organic Whole Grain Oats,920.21,2/1/2020,865,Doreen Pountney,dpountneyo0@qq.com,China,,47
839,Carrot Sticks,798.12,12/26/2020,866,Leoine Iglesiaz,liglesiazo1@hc360.com,Brazil,27500-000,56
429,Ice Cream Maker,525.11,2/9/2020,867,Hernando Canfer,hcanfero2@tuttocitta.it,China,,76
464,Ginger Turmeric Tea,837.11,10/10/2020,868,Cymbre Kynvin,ckynvino3@bloglovin.com,France,22194 CEDEX,42
253,Coconut Water,543.52,12/2/2020,869,Gabi Tapton,gtaptono4@fda.gov,China,,70
954,Classic Pumps,676.18,10/26/2020,870,Tobias Rizziello,trizzielloo5@rakuten.co.jp,Poland,08-445,50
814,Travel Laundry Bag,281.19,5/15/2020,871,Layne Ondrousek,londrouseko6@utexas.edu,China,,77
158,Chili Garlic Sauce,808.41,6/24/2020,872,Isidora Lamey,ilameyo7@meetup.com,Venezuela,,66
133,Feta Cheese Crumbles,480.15,8/23/2020,873,Cassey Doldon,cdoldono8@telegraph.co.uk,Iran,,25
269,Cranberry Pecan Granola,637.43,2/18/2020,874,Joshia Kellie,jkellieo9@shop-pro.jp,Russia,644552,64
132,Honey Almond Granola Bars,889.39,7/8/2020,875,Marlo Borg-Bartolo,mborgbartolooa@blogspot.com,Vietnam,,77
631,Electric Egg Cooker,849.19,10/3/2020,876,Dulciana Hartzog,dhartzogob@cnn.com,Kenya,,24
835,Pasta Maker Machine,567.11,7/23/2020,877,Karel Aves,kavesoc@liveinternet.ru,Philippines,5503,53
831,Outdoor Sports Backpack,759.39,4/19/2020,878,Rubi Selkirk,rselkirkod@infoseek.co.jp,Russia,141880,32
875,Dog Walking Waist Pack,576.89,11/8/2020,879,Jaclin Gonnard,jgonnardoe@tiny.cc,Russia,623082,35
938,Spicy Snack Mix,469.52,2/2/2020,880,Katherine Melloi,kmelloiof@loc.gov,Ecuador,,68
884,Vegetable Lentil Soup,412.8,11/11/2020,881,Gaultiero Maty,gmatyog@bizjournals.com,Indonesia,,85
486,Sweet Pea Hummus,44.84,9/16/2020,882,Estel Glennie,eglennieoh@indiegogo.com,Indonesia,,48
119,Heavy-Duty Utility Tote,166.85,11/21/2020,883,Kelsy Menhenitt,kmenhenittoi@rambler.ru,China,,27
347,Body Wash,801.46,3/29/2020,884,Sigfried Scopyn,sscopynoj@redcross.org,Colombia,684537,34
815,Vegetable and Cheese Quesadillas,479.53,3/1/2020,885,Tatum Lindborg,tlindborgok@arizona.edu,Ukraine,,20
592,Chickpea Pasta,0.02,3/24/2020,886,Averyl Eustanch,aeustanchol@businesswire.com,Brazil,55640-000,54
359,Reusable Coffee Filter,772.43,12/18/2020,887,Terence Jane,tjaneom@fastcompany.com,China,,74
904,Ginger Tea,332.56,10/5/2020,888,Melli Bidewell,mbidewellon@google.co.jp,Armenia,,30
534,Bamboo Toothbrush Holder,928.61,9/16/2020,889,Thorvald Jacobovitch,tjacobovitchoo@state.gov,Philippines,2437,36
479,Smart Doorbell,336.42,3/28/2020,890,Angie Sturge,asturgeop@spotify.com,Thailand,96130,33
840,Pumpkin Spice Cookies,531.0,12/27/2020,891,Rachelle Robjant,rrobjantoq@booking.com,Japan,999-0606,27
120,Coconut Chia Seed Pudding,524.0,9/7/2020,892,Marjy Syversen,msyversenor@pinterest.com,North Korea,,51
163,Spicy Roasted Nuts,661.82,7/9/2020,893,Merrielle Stellman,mstellmanos@elpais.com,Honduras,,38
306,Spinach and Feta Wraps,115.03,2/7/2020,894,Cornell Pallent,cpallentot@umn.edu,China,,65
179,Self-Cleaning Water Bottle,279.78,12/23/2020,895,Caron Sloyan,csloyanou@xrea.com,Peru,,31
774,Party Mini Dress,716.88,8/23/2020,896,Danella Sijmons,dsijmonsov@omniture.com,Japan,925-0373,24
993,Low-Fat Cottage Cheese,310.48,8/29/2020,897,Desi McNickle,dmcnickleow@vistaprint.com,Indonesia,,63
227,Wireless Charging Station,358.1,4/8/2020,898,Norby McNess,nmcnessox@washington.edu,Sweden,691 26,38
996,Magnetic Puzzle Board,766.72,7/20/2020,899,Gabbie Penfold,gpenfoldoy@fastcompany.com,Indonesia,,48
361,Blueberry Chia Jam,73.87,6/9/2020,900,Anna-diana Chicken,achickenoz@simplemachines.org,China,,33
776,Pet Grooming Kit,62.36,8/31/2020,901,Shirley Pomphrett,spomphrettp0@fc2.com,China,,47
695,Hydration Backpack,951.05,12/26/2020,902,Isa Slocket,islocketp1@umn.edu,Norway,6015,23
940,Striped Long Sleeve Shirt,322.95,4/29/2020,903,Bevvy Riehm,briehmp2@printfriendly.com,China,,23
874,Salsa,592.21,1/21/2020,904,Bret Vitall,bvitallp3@yandex.ru,Colombia,082028,48
491,Fitness Jump Box,263.72,3/28/2020,905,Gregoor Kluger,gklugerp4@sbwire.com,Canada,J4B,56
115,Drone,995.53,6/19/2020,906,Georgetta Mildner,gmildnerp5@spotify.com,China,,35
671,Mesh Sports Leggings,447.07,9/27/2020,907,Fair Utteridge,futteridgep6@homestead.com,Norway,7409,63
985,Decorative Throw Pillows,83.0,11/20/2020,908,Filbert Neiland,fneilandp7@wsj.com,Indonesia,,34
765,Maple Pecan Granola,671.32,12/7/2020,909,Case Blanko,cblankop8@usnews.com,Serbia,,73
756,Coconut Flakes,53.83,12/25/2020,910,Ginger McQuarter,gmcquarterp9@npr.org,Argentina,4751,61
705,Vegetarian Sausage Links,813.33,3/24/2020,911,Silvio Jaycocks,sjaycockspa@zdnet.com,Poland,87-340,50
769,Sesame Noodles,69.98,9/6/2020,912,Mariana Yurkiewicz,myurkiewiczpb@mashable.com,Poland,28-160,85
213,Chickpeas,208.24,6/26/2020,913,Felecia Meininger,fmeiningerpc@lulu.com,China,,73
263,Mango Chunks,679.25,12/19/2020,914,Evvie Klimentyonok,eklimentyonokpd@economist.com,United Kingdom,LE15,26
886,Thermostatic Shower Valve Kit,194.77,4/13/2020,915,Maison Wharmby,mwharmbype@google.com.br,Indonesia,,27
459,Electric Griddle with Removable Plates,288.58,7/17/2020,916,Glenn Commin,gcomminpf@webeden.co.uk,Croatia,51513,23
181,Trendy Bomber Jacket,529.04,2/22/2020,917,Mortie Stollenbecker,mstollenbeckerpg@deviantart.com,Indonesia,,46
840,Adjustable Dog Harness,688.74,9/20/2020,918,Cathrine Tills,ctillsph@reddit.com,Philippines,5001,61
303,Desk Lamp with USB Port,849.56,7/14/2020,919,Padget Landy,plandypi@ycombinator.com,Indonesia,,76
502,Apple Cinnamon Instant Oatmeal,151.87,7/14/2020,920,Marta Tompsett,mtompsettpj@wix.com,Latvia,,66
878,Overnight Duffle Bag,147.95,7/30/2020,921,Rob Pincked,rpinckedpk@china.com.cn,China,,20
993,Italian Sausage and Peppers,975.25,11/28/2020,922,Tish Farmar,tfarmarpl@1und1.de,China,,49
364,Kale Salad with Lemon Dressing,367.92,8/20/2020,923,Beau Raggitt,braggittpm@nba.com,Angola,,56
649,Silicone Baking Mats,565.15,6/17/2020,924,Jonathan Qusklay,jqusklaypn@pbs.org,United Kingdom,PH43,76
597,Graphic Sweatshirt,661.18,9/16/2020,925,Tildy Danniel,tdannielpo@yolasite.com,Comoros,,46
285,Art Supplies Organizer,780.56,6/8/2020,926,Jami Liddiatt,jliddiattpp@ifeng.com,Russia,427985,75
827,Pretzel Bites,270.45,1/20/2020,927,Jimmy Gredden,jgreddenpq@mysql.com,China,,40
500,Insulated Wine Tote,511.54,6/30/2020,928,Atlante Pessold,apessoldpr@tinyurl.com,Democratic Republic of the Congo,,38
120,Jalapeo Cornbread,311.49,6/27/2020,929,Everett Andrich,eandrichps@ehow.com,Indonesia,,46
741,Silicone Ice Cube Tray,409.31,11/13/2020,930,Clari Feldmark,cfeldmarkpt@salon.com,Argentina,3500,30
996,Whole Wheat Pita Bread,709.23,4/12/2020,931,Kiri Trumble,ktrumblepu@webs.com,Oman,,22
459,Face Mask Set,796.87,6/22/2020,932,Charley Ecclestone,cecclestonepv@google.nl,Portugal,4765-098,35
294,Vegetarian Chili,344.56,2/18/2020,933,Noe Culpin,nculpinpw@netvibes.com,Sweden,117 37,41
192,Kids' Craft Supplies Set,743.64,8/11/2020,934,Anne Gwinnett,agwinnettpx@ycombinator.com,Spain,30005,20
627,Voice-Controlled Speaker,876.6,6/5/2020,935,Harrison Laverack,hlaverackpy@unicef.org,Afghanistan,,50
627,Vegan Mayonnaise,665.22,10/26/2020,936,De witt Hindrick,dwittpz@netvibes.com,Indonesia,,28
263,Spicy Thai Chili Sauce,789.58,11/28/2020,937,Shanda Bowller,sbowllerq0@goo.gl,Brazil,38740-000,21
735,Gardening Gloves,385.67,7/8/2020,938,Camella Izat,cizatq1@is.gd,Honduras,,39
183,Pizza Stone,551.92,8/30/2020,939,Jemima Maghull,jmaghullq2@disqus.com,Palestinian Territory,,83
877,Dried Cranberries,373.08,6/30/2020,940,Gherardo Clear,gclearq3@godaddy.com,Indonesia,,68
577,Lemon Herb Quinoa,525.18,8/4/2020,941,Gram Hamner,ghamnerq4@alexa.com,Peru,,38
245,Organic Ramen Noodles,24.36,8/1/2020,942,Averil Dubois,aduboisq5@zdnet.com,China,,53
457,Ceramic Bakeware Set,161.17,2/17/2020,943,Gearalt Pickworth,gpickworthq6@themeforest.net,Finland,58501,35
359,Cajun Seasoning,877.81,6/18/2020,944,Stanwood Sansam,ssansamq7@scientificamerican.com,China,,33
598,Spinach and Cheese Stuffed Shells,200.88,11/17/2020,945,Berenice Nehls,bnehlsq8@deliciousdays.com,Haiti,,85
717,Pine Nuts,564.27,10/15/2020,946,Elane Milliken,emillikenq9@ucoz.ru,China,,85
373,Reflective Safety Vest,457.3,4/5/2020,947,Hyacinthe Diloway,hdilowayqa@angelfire.com,Nigeria,,44
792,Spicy Beef Taco Mix,110.6,11/29/2020,948,Corabella Lob,clobqb@symantec.com,Dominican Republic,10516,43
227,Pistachios,894.27,5/17/2020,949,Marchall Hoyle,mhoyleqc@loc.gov,China,,56
563,Banana Chips,594.21,12/22/2020,950,Herbie Sloan,hsloanqd@wunderground.com,Brazil,85950-000,38
107,Heart-Shaped Baking Molds,389.62,9/16/2020,951,Juline Ambroix,jambroixqe@purevolume.com,China,,28
806,Almond Milk Yogurt,453.18,4/3/2020,952,Robinetta Wrathall,rwrathallqf@barnesandnoble.com,Malta,PTA,23
688,Electric Griddle with Removable Plates,211.78,3/3/2020,953,Hewett Shale,hshaleqg@imageshack.us,South Africa,4804,50
514,Handheld Vacuum,119.2,8/5/2020,954,Lise Haney,lhaneyqh@yellowpages.com,Uzbekistan,,43
586,Teriyaki Chicken Stir-Fry,281.54,12/16/2020,955,Darda Brabben,dbrabbenqi@de.vu,Poland,87-821,48
687,LED Desk Lamp with USB Charging,68.66,9/16/2020,956,Anna Atchly,aatchlyqj@hhs.gov,Poland,78-530,22
140,Buffalo Sauce,358.78,5/29/2020,957,Doris Casbolt,dcasboltqk@indiegogo.com,Russia,369312,54
314,Stainless Steel Straws,171.19,1/27/2020,958,Yolande Popham,ypophamql@weather.com,Afghanistan,,43
635,Wireless Charging Pad,588.28,11/2/2020,959,Miguel Ivey,miveyqm@cnn.com,Poland,05-850,33
591,Coconut Water,452.99,4/4/2020,960,Jakob Henke,jhenkeqn@desdev.cn,Sweden,242 35,35
339,Asian Stir-Fry Kit,949.96,9/22/2020,961,Sabine Aurelius,saureliusqo@blog.com,Russia,186855,55
924,Yoga Mat Carrier,355.53,11/12/2020,962,Neile Preene,npreeneqp@nbcnews.com,Guatemala,22017,66
731,Kale & Quinoa Salad Mix,925.27,7/5/2020,963,Witty Wittke,wwittkeqq@weibo.com,Honduras,,55
129,Wall Planner,948.82,9/11/2020,964,Callida Precious,cpreciousqr@squidoo.com,Philippines,7024,36
681,Spicy Tuna Rolls,498.13,11/14/2020,965,Berny Brehaut,bbrehautqs@twitter.com,China,,25
848,Pleated Midi Dress,522.6,10/17/2020,966,Curt Kruschov,ckruschovqt@gov.uk,Russia,619320,46
926,Bamboo Memory Foam Pillow,274.24,4/21/2020,967,Pet Nibley,pnibleyqu@japanpost.jp,Slovenia,1356,74
894,Quinoa,412.55,9/9/2020,968,Violette Noah,vnoahqv@furl.net,Denmark,1972,43
640,Folding Exercise Bike,488.43,4/26/2020,969,Bill Hagley,bhagleyqw@go.com,New Zealand,9845,20
637,Herbed Goat Cheese,512.34,1/23/2020,970,Leroy Bettles,lbettlesqx@nsw.gov.au,China,,73
121,Self-Inflating Camping Mattress,670.61,2/19/2020,971,Colan Vasser,cvasserqy@cbc.ca,South Africa,1932,39
829,Raspberry Vanilla Greek Yogurt,322.91,7/8/2020,972,Phillida Gregoli,pgregoliqz@nifty.com,United States,10039,20
221,Magnetic Chess Set,492.36,7/14/2020,973,Griffin Netherwood,gnetherwoodr0@npr.org,China,,61
474,Bluetooth Car Adapter,805.98,2/19/2020,974,Nelson Lineker,nlinekerr1@desdev.cn,China,,52
391,Lemon Pepper Seasoning,352.88,10/10/2020,975,Jaquelin Ede,jeder2@census.gov,China,,80
152,Pumpkin Pie Spice,358.93,9/15/2020,976,Tova Tuohy,ttuohyr3@de.vu,China,,48
805,Collapsible Water Bottle,736.92,3/6/2020,977,Aryn Summers,asummersr4@timesonline.co.uk,Morocco,,23
100,Motion Sensor Light,64.68,10/28/2020,978,Ashli Scare,ascarer5@hhs.gov,France,95118 CEDEX,69
185,Bamboo Charcoal Air Purifier Bags,411.03,9/9/2020,979,Giacomo Minshull,gminshullr6@vistaprint.com,China,,54
585,Dishwasher Safe Cutting Board,245.87,1/23/2020,980,Lyndel Hubery,lhuberyr7@meetup.com,Canada,E4G,64
509,Stainless Steel Water Bottle,835.64,1/14/2020,981,Paulie Toun,ptounr8@dailymail.co.uk,Iran,,42
162,Adjustable Pedicure Footrest,812.02,12/16/2020,982,Angel Pogosian,apogosianr9@techcrunch.com,Indonesia,,39
351,Savory Rice Cakes,124.19,6/17/2020,983,Jorgan Davidai,jdavidaira@mit.edu,Brazil,87900-000,33
664,Luxury Bath Salts,813.32,11/19/2020,984,Mathew Sporton,msportonrb@businessinsider.com,Mexico,34788,34
173,Stainless Steel Cutlery Set,296.7,5/29/2020,985,Morgen Island,mislandrc@booking.com,Czech Republic,691 63,28
666,Rechargeable Hand Warmer,8.45,12/3/2020,986,Quincy Killock,qkillockrd@fda.gov,Mongolia,,39
345,Spicy Thai Chili Sauce,608.98,5/26/2020,987,Nicky Dies,ndiesre@exblog.jp,Peru,,54
262,Sketchbook,654.82,1/10/2020,988,Tana Posselt,tposseltrf@guardian.co.uk,Pakistan,69350,38
363,Pecan Pie Filling,342.3,10/11/2020,989,Adamo Acory,aacoryrg@php.net,Peru,,76
836,Microfiber Cleaning Cloth Set,332.71,12/26/2020,990,Carina Scandred,cscandredrh@nhs.uk,Malaysia,72507,38
681,Deep Tissue Massage Gun,362.28,5/1/2020,991,Cornelia Stallion,cstallionri@psu.edu,Russia,141662,73
357,Potato Wedge Seasoning,323.74,5/28/2020,992,Jeremiah Eagers,jeagersrj@surveymonkey.com,Czech Republic,276 01,38
390,Digital Food Scale,698.81,10/23/2020,993,Bertina Coaker,bcoakerrk@lulu.com,Indonesia,,84
784,Pecan Pie Filling,781.25,5/9/2020,994,Alix Featherstonehaugh,afeatherstonehaughrl@google.es,Poland,12-230,70
890,Sushi Roll Kit,48.7,1/29/2020,995,Brear Zorzetti,bzorzettirm@altervista.org,Hungary,3607,44
175,Travel Makeup Organizer,622.99,10/14/2020,996,Nathalie Vize,nvizern@dailymail.co.uk,Serbia,,54
960,Portable Air Conditioner,351.64,4/19/2020,997,Dena Ziem,dziemro@sbwire.com,Russia,460999,23
737,Chilli Lime Corn on the Cob,749.58,9/28/2020,998,Leigh Michelet,lmicheletrp@indiegogo.com,Venezuela,,34
174,Blue Corn Tortilla Chips,23.9,4/21/2020,999,Madelon Ovesen,movesenrq@forbes.com,China,,43
791,Elegant Maxi Skirt,856.43,1/21/2020,1000,Anastasie Ioan,aioanrr@cbslocal.com,Japan,901-1401,45
